cond,seg,onset_t,offset_t,duration_s,n_raw,n_resampled,scale_ratio,tempo_bpm,mass_kg,section,sec_per_pct
15kg_10bpm,10AB,2.394,4.305,1.9109999999999996,191,101,0.5287958115183246,10,15.0,AB,0.019109999999999995
15kg_10bpm,11AB,2.414,4.349,1.935,193,101,0.5233160621761658,10,15.0,AB,0.01935
15kg_10bpm,12AB,2.369,4.423,2.054,206,101,0.49029126213592233,10,15.0,AB,0.02054
15kg_10bpm,13AB,2.428,4.467,2.0389999999999997,204,101,0.4950980392156863,10,15.0,AB,0.02039
15kg_10bpm,1AB,2.316,4.321,2.005,201,101,0.5024875621890548,10,15.0,AB,0.02005
15kg_10bpm,2AB,2.427,4.336,1.9090000000000003,191,101,0.5287958115183246,10,15.0,AB,0.019090000000000003
15kg_10bpm,4AB,2.396,4.458,2.0620000000000003,206,101,0.49029126213592233,10,15.0,AB,0.020620000000000003
15kg_10bpm,5AB,2.376,4.322,1.9460000000000002,195,101,0.517948717948718,10,15.0,AB,0.01946
15kg_10bpm,6AB,2.319,4.223,1.904,191,101,0.5287958115183246,10,15.0,AB,0.019039999999999998
15kg_10bpm,7AB,2.411,4.352,1.9410000000000003,194,101,0.520618556701031,10,15.0,AB,0.019410000000000004
15kg_10bpm,8AB,2.411,4.302,1.8909999999999996,189,101,0.5343915343915344,10,15.0,AB,0.018909999999999996
15kg_10bpm,10BC,2.532,4.092,1.5599999999999996,156,101,0.6474358974358975,10,15.0,BC,0.015599999999999996
15kg_10bpm,11BC,2.671,4.298,1.6270000000000002,162,101,0.6234567901234568,10,15.0,BC,0.016270000000000003
15kg_10bpm,12BC,2.598,4.326,1.7279999999999998,173,101,0.5838150289017341,10,15.0,BC,0.017279999999999997
15kg_10bpm,13BC,2.668,4.305,1.6369999999999996,164,101,0.6158536585365854,10,15.0,BC,0.016369999999999996
15kg_10bpm,1BC,2.64,4.517,1.8770000000000002,188,101,0.5372340425531915,10,15.0,BC,0.018770000000000002
15kg_10bpm,2BC,2.705,4.434,1.729,173,101,0.5838150289017341,10,15.0,BC,0.01729
15kg_10bpm,3BC,2.601,4.34,1.7389999999999999,174,101,0.5804597701149425,10,15.0,BC,0.01739
15kg_10bpm,4BC,2.617,4.333,1.7160000000000002,172,101,0.5872093023255814,10,15.0,BC,0.01716
15kg_10bpm,5BC,2.641,4.271,1.63,163,101,0.6196319018404908,10,15.0,BC,0.0163
15kg_10bpm,6BC,2.586,4.222,1.6360000000000006,164,101,0.6158536585365854,10,15.0,BC,0.016360000000000006
15kg_10bpm,7BC,2.656,4.351,1.6949999999999998,170,101,0.5941176470588235,10,15.0,BC,0.01695
15kg_10bpm,8BC,2.609,4.252,1.6429999999999998,165,101,0.6121212121212121,10,15.0,BC,0.016429999999999997
15kg_10bpm,9BC,2.642,4.298,1.6560000000000001,165,101,0.6121212121212121,10,15.0,BC,0.016560000000000002
15kg_10bpm,10CA,2.729,4.832,2.1029999999999998,211,101,0.4786729857819905,10,15.0,CA,0.021029999999999997
15kg_10bpm,11CA,2.713,4.661,1.9479999999999995,195,101,0.517948717948718,10,15.0,CA,0.019479999999999994
15kg_10bpm,13CA,2.708,4.695,1.987,199,101,0.507537688442211,10,15.0,CA,0.019870000000000002
15kg_10bpm,1CA,2.672,4.615,1.943,194,101,0.520618556701031,10,15.0,CA,0.01943
15kg_10bpm,2CA,2.641,4.658,2.0170000000000003,201,101,0.5024875621890548,10,15.0,CA,0.020170000000000004
15kg_10bpm,3CA,2.591,5.021,2.4299999999999997,243,101,0.4156378600823045,10,15.0,CA,0.0243
15kg_10bpm,4CA,2.725,4.661,1.9359999999999995,194,101,0.520618556701031,10,15.0,CA,0.019359999999999995
15kg_10bpm,5CA,2.68,4.567,1.887,189,101,0.5343915343915344,10,15.0,CA,0.01887
15kg_10bpm,6CA,2.67,4.56,1.8899999999999997,190,101,0.531578947368421,10,15.0,CA,0.018899999999999997
15kg_10bpm,7CA,2.74,4.949,2.2089999999999996,221,101,0.45701357466063347,10,15.0,CA,0.022089999999999995
15kg_10bpm,8CA,2.714,4.689,1.975,197,101,0.5126903553299492,10,15.0,CA,0.01975
15kg_10bpm,9CA,2.587,4.599,2.012,201,101,0.5024875621890548,10,15.0,CA,0.02012
15kg_16bpm,10AB,1.035,2.566,1.531,153,101,0.6601307189542484,16,15.0,AB,0.015309999999999999
15kg_16bpm,1AB,1.021,2.733,1.7120000000000002,171,101,0.5906432748538012,16,15.0,AB,0.017120000000000003
15kg_16bpm,2AB,1.084,2.654,1.5699999999999998,157,101,0.643312101910828,16,15.0,AB,0.0157
15kg_16bpm,3AB,1.077,2.625,1.548,155,101,0.6516129032258065,16,15.0,AB,0.01548
15kg_16bpm,4AB,1.016,2.602,1.5859999999999999,159,101,0.6352201257861635,16,15.0,AB,0.01586
15kg_16bpm,5AB,1.043,2.579,1.5360000000000003,153,101,0.6601307189542484,16,15.0,AB,0.015360000000000002
15kg_16bpm,6AB,1.032,2.654,1.6219999999999999,162,101,0.6234567901234568,16,15.0,AB,0.01622
15kg_16bpm,7AB,1.074,2.693,1.619,162,101,0.6234567901234568,16,15.0,AB,0.01619
15kg_16bpm,8AB,0.978,2.542,1.5639999999999998,157,101,0.643312101910828,16,15.0,AB,0.015639999999999998
15kg_16bpm,9AB,1.029,2.567,1.5380000000000003,154,101,0.6558441558441559,16,15.0,AB,0.015380000000000003
15kg_16bpm,10BC,1.196,2.436,1.24,124,101,0.8145161290322581,16,15.0,BC,0.0124
15kg_16bpm,1BC,1.257,2.593,1.336,134,101,0.753731343283582,16,15.0,BC,0.01336
15kg_16bpm,2BC,1.31,2.588,1.278,128,101,0.7890625,16,15.0,BC,0.01278
15kg_16bpm,3BC,1.3,2.581,1.281,129,101,0.7829457364341085,16,15.0,BC,0.012809999999999998
15kg_16bpm,4BC,1.147,2.532,1.385,139,101,0.7266187050359713,16,15.0,BC,0.01385
15kg_16bpm,5BC,1.207,2.448,1.2409999999999999,124,101,0.8145161290322581,16,15.0,BC,0.01241
15kg_16bpm,6BC,1.169,2.468,1.299,130,101,0.7769230769230769,16,15.0,BC,0.01299
15kg_16bpm,7BC,1.199,2.566,1.3669999999999998,137,101,0.7372262773722628,16,15.0,BC,0.013669999999999998
15kg_16bpm,8BC,1.244,2.577,1.333,133,101,0.7593984962406015,16,15.0,BC,0.01333
15kg_16bpm,9BC,1.266,2.519,1.2530000000000001,125,101,0.808,16,15.0,BC,0.012530000000000001
15kg_16bpm,10CA,1.165,2.831,1.666,167,101,0.6047904191616766,16,15.0,CA,0.016659999999999998
15kg_16bpm,1CA,1.297,2.83,1.5330000000000001,154,101,0.6558441558441559,16,15.0,CA,0.015330000000000002
15kg_16bpm,2CA,1.286,2.792,1.5059999999999998,151,101,0.6688741721854304,16,15.0,CA,0.015059999999999997
15kg_16bpm,3CA,1.288,2.801,1.5130000000000001,152,101,0.6644736842105263,16,15.0,CA,0.015130000000000001
15kg_16bpm,4CA,1.327,2.855,1.528,153,101,0.6601307189542484,16,15.0,CA,0.01528
15kg_16bpm,5CA,1.376,2.974,1.5980000000000003,160,101,0.63125,16,15.0,CA,0.015980000000000005
15kg_16bpm,6CA,1.32,2.92,1.5999999999999999,161,101,0.6273291925465838,16,15.0,CA,0.016
15kg_16bpm,7CA,1.304,2.881,1.5769999999999997,158,101,0.6392405063291139,16,15.0,CA,0.015769999999999996
15kg_16bpm,8CA,1.287,2.868,1.581,158,101,0.6392405063291139,16,15.0,CA,0.01581
15kg_16bpm,9CA,1.285,2.787,1.502,150,101,0.6733333333333333,16,15.0,CA,0.01502
7kg_10bpm,10AB,2.091,4.127,2.0359999999999996,203,101,0.4975369458128079,10,7.0,AB,0.020359999999999996
7kg_10bpm,11AB,2.173,4.236,2.0629999999999997,206,101,0.49029126213592233,10,7.0,AB,0.020629999999999996
7kg_10bpm,12AB,2.094,4.047,1.9529999999999998,195,101,0.517948717948718,10,7.0,AB,0.01953
7kg_10bpm,13AB,2.108,4.016,1.908,191,101,0.5287958115183246,10,7.0,AB,0.01908
7kg_10bpm,1AB,2.206,4.194,1.988,199,101,0.507537688442211,10,7.0,AB,0.01988
7kg_10bpm,2AB,2.183,3.887,1.7040000000000002,170,101,0.5941176470588235,10,7.0,AB,0.017040000000000003
7kg_10bpm,3AB,2.112,3.747,1.6349999999999998,163,101,0.6196319018404908,10,7.0,AB,0.016349999999999996
7kg_10bpm,4AB,2.101,3.745,1.6440000000000001,164,101,0.6158536585365854,10,7.0,AB,0.01644
7kg_10bpm,5AB,2.069,3.676,1.6070000000000002,161,101,0.6273291925465838,10,7.0,AB,0.01607
7kg_10bpm,6AB,2.102,3.659,1.557,155,101,0.6516129032258065,10,7.0,AB,0.015569999999999999
7kg_10bpm,7AB,2.073,3.79,1.717,172,101,0.5872093023255814,10,7.0,AB,0.01717
7kg_10bpm,8AB,2.149,3.817,1.6680000000000001,167,101,0.6047904191616766,10,7.0,AB,0.01668
7kg_10bpm,10BC,2.418,4.05,1.6319999999999997,164,101,0.6158536585365854,10,7.0,BC,0.016319999999999998
7kg_10bpm,11BC,2.331,4.132,1.8009999999999997,180,101,0.5611111111111111,10,7.0,BC,0.018009999999999998
7kg_10bpm,12BC,2.375,4.013,1.638,164,101,0.6158536585365854,10,7.0,BC,0.01638
7kg_10bpm,13BC,2.32,4.021,1.701,171,101,0.5906432748538012,10,7.0,BC,0.01701
7kg_10bpm,1BC,2.371,3.982,1.6110000000000002,161,101,0.6273291925465838,10,7.0,BC,0.016110000000000003
7kg_10bpm,2BC,2.216,3.679,1.4629999999999996,146,101,0.6917808219178082,10,7.0,BC,0.014629999999999997
7kg_10bpm,3BC,2.295,3.79,1.495,150,101,0.6733333333333333,10,7.0,BC,0.014950000000000001
7kg_10bpm,4BC,2.251,3.735,1.484,148,101,0.6824324324324325,10,7.0,BC,0.014839999999999999
7kg_10bpm,5BC,2.269,3.786,1.517,152,101,0.6644736842105263,10,7.0,BC,0.01517
7kg_10bpm,6BC,2.278,3.841,1.5630000000000002,157,101,0.643312101910828,10,7.0,BC,0.01563
7kg_10bpm,7BC,2.31,3.96,1.65,166,101,0.608433734939759,10,7.0,BC,0.0165
7kg_10bpm,8BC,2.34,4.034,1.694,170,101,0.5941176470588235,10,7.0,BC,0.01694
7kg_10bpm,9BC,2.377,4.188,1.811,181,101,0.5580110497237569,10,7.0,BC,0.01811
7kg_10bpm,10CA,2.396,4.335,1.939,194,101,0.520618556701031,10,7.0,CA,0.01939
7kg_10bpm,11CA,2.383,4.144,1.7610000000000001,176,101,0.5738636363636364,10,7.0,CA,0.01761
7kg_10bpm,12CA,2.344,4.075,1.7310000000000003,173,101,0.5838150289017341,10,7.0,CA,0.017310000000000002
7kg_10bpm,13CA,2.307,4.216,1.9090000000000003,191,101,0.5287958115183246,10,7.0,CA,0.019090000000000003
7kg_10bpm,1CA,2.358,3.97,1.612,162,101,0.6234567901234568,10,7.0,CA,0.016120000000000002
7kg_10bpm,3CA,2.293,3.761,1.468,147,101,0.6870748299319728,10,7.0,CA,0.01468
7kg_10bpm,5CA,2.335,4.124,1.7889999999999997,179,101,0.5642458100558659,10,7.0,CA,0.017889999999999996
7kg_10bpm,6CA,2.324,3.978,1.6540000000000004,165,101,0.6121212121212121,10,7.0,CA,0.016540000000000003
7kg_10bpm,7CA,2.288,4.068,1.7799999999999998,178,101,0.5674157303370787,10,7.0,CA,0.017799999999999996
7kg_10bpm,8CA,2.401,4.471,2.0700000000000003,207,101,0.48792270531400966,10,7.0,CA,0.020700000000000003
7kg_10bpm,9CA,2.341,4.522,2.181,218,101,0.463302752293578,10,7.0,CA,0.02181
7kg_16bpm,10AB,0.93,2.392,1.4619999999999997,147,101,0.6870748299319728,16,7.0,AB,0.014619999999999998
7kg_16bpm,1AB,1.074,2.635,1.5609999999999997,156,101,0.6474358974358975,16,7.0,AB,0.015609999999999997
7kg_16bpm,2AB,1.179,2.812,1.6329999999999998,164,101,0.6158536585365854,16,7.0,AB,0.016329999999999997
7kg_16bpm,3AB,0.909,2.484,1.575,158,101,0.6392405063291139,16,7.0,AB,0.01575
7kg_16bpm,4AB,1.012,2.531,1.5190000000000001,152,101,0.6644736842105263,16,7.0,AB,0.015190000000000002
7kg_16bpm,5AB,0.937,2.44,1.503,151,101,0.6688741721854304,16,7.0,AB,0.015029999999999998
7kg_16bpm,6AB,0.931,2.398,1.467,146,101,0.6917808219178082,16,7.0,AB,0.01467
7kg_16bpm,7AB,0.94,2.389,1.4489999999999998,145,101,0.696551724137931,16,7.0,AB,0.014489999999999998
7kg_16bpm,8AB,0.963,2.376,1.4129999999999998,141,101,0.7163120567375887,16,7.0,AB,0.014129999999999998
7kg_16bpm,9AB,0.933,2.442,1.5090000000000001,151,101,0.6688741721854304,16,7.0,AB,0.015090000000000001
7kg_16bpm,10BC,1.278,2.566,1.2879999999999998,129,101,0.7829457364341085,16,7.0,BC,0.012879999999999997
7kg_16bpm,1BC,1.2,2.625,1.425,143,101,0.7062937062937062,16,7.0,BC,0.01425
7kg_16bpm,2BC,1.264,2.588,1.324,132,101,0.7651515151515151,16,7.0,BC,0.01324
7kg_16bpm,3BC,1.259,2.541,1.282,129,101,0.7829457364341085,16,7.0,BC,0.01282
7kg_16bpm,4BC,1.225,2.557,1.3319999999999999,133,101,0.7593984962406015,16,7.0,BC,0.013319999999999999
7kg_16bpm,5BC,1.24,2.419,1.179,118,101,0.8559322033898306,16,7.0,BC,0.01179
7kg_16bpm,6BC,1.249,2.508,1.259,126,101,0.8015873015873016,16,7.0,BC,0.012589999999999999
7kg_16bpm,7BC,1.187,2.418,1.231,123,101,0.8211382113821138,16,7.0,BC,0.012310000000000001
7kg_16bpm,8BC,1.197,2.403,1.206,121,101,0.8347107438016529,16,7.0,BC,0.01206
7kg_16bpm,9BC,1.248,2.454,1.2060000000000002,121,101,0.8347107438016529,16,7.0,BC,0.012060000000000001
7kg_16bpm,10CA,1.254,2.805,1.5510000000000002,155,101,0.6516129032258065,16,7.0,CA,0.015510000000000001
7kg_16bpm,1CA,1.292,3.133,1.841,184,101,0.5489130434782609,16,7.0,CA,0.01841
7kg_16bpm,2CA,1.164,2.468,1.304,130,101,0.7769230769230769,16,7.0,CA,0.013040000000000001
7kg_16bpm,3CA,1.191,2.773,1.582,158,101,0.6392405063291139,16,7.0,CA,0.01582
7kg_16bpm,4CA,1.187,2.57,1.3829999999999998,139,101,0.7266187050359713,16,7.0,CA,0.013829999999999999
7kg_16bpm,5CA,1.237,2.676,1.439,144,101,0.7013888888888888,16,7.0,CA,0.01439
7kg_16bpm,6CA,1.279,2.741,1.4620000000000002,147,101,0.6870748299319728,16,7.0,CA,0.014620000000000001
7kg_16bpm,7CA,1.219,2.782,1.563,157,101,0.643312101910828,16,7.0,CA,0.015629999999999998
7kg_16bpm,8CA,1.223,2.745,1.522,152,101,0.6644736842105263,16,7.0,CA,0.015220000000000001
7kg_16bpm,9CA,1.199,2.642,1.4429999999999998,145,101,0.696551724137931,16,7.0,CA,0.014429999999999998
