cond,seg,p000,p001,p002,p003,p004,p005,p006,p007,p008,p009,p010,p011,p012,p013,p014,p015,p016,p017,p018,p019,p020,p021,p022,p023,p024,p025,p026,p027,p028,p029,p030,p031,p032,p033,p034,p035,p036,p037,p038,p039,p040,p041,p042,p043,p044,p045,p046,p047,p048,p049,p050,p051,p052,p053,p054,p055,p056,p057,p058,p059,p060,p061,p062,p063,p064,p065,p066,p067,p068,p069,p070,p071,p072,p073,p074,p075,p076,p077,p078,p079,p080,p081,p082,p083,p084,p085,p086,p087,p088,p089,p090,p091,p092,p093,p094,p095,p096,p097,p098,p099,p100
7kg_10bpm,1AB,0.86093651,3.0761718138509115,5.180616623979504,6.8092059119186015,7.858039245549186,8.411800704314787,8.632705380738779,8.678308594917656,8.673478249200194,8.719247332140247,8.903981423286597,9.294387863373027,9.909331799168855,10.696749425411658,11.532815501861451,12.248621135764566,12.675498082113366,12.693351100042205,12.266393315717055,11.454122667396415,10.391343848215083,9.240703583246331,8.133227821099581,7.120664836635911,6.161090734734183,5.14492346,3.9490840467823105,2.4936247457515215,0.775634292454079,-1.1310942328272935,-3.104123353832655,-5.010245426813658,-6.736117947216938,-8.204355704870677,-9.377309373547453,-10.253624464930105,-10.86049187523322,-11.242901902566013,-11.45180624356296,-11.533479857173544,-11.521673546024218,-11.434111226613258,-11.275872536893335,-11.051258181548155,-10.78061328923354,-10.512124833107393,-10.317059242755006,-10.264135010524525,-10.382226925161598,-10.631972616826003,-10.906371320000002,-11.065555224756892,-10.99059542868961,-10.629287228308982,-10.011412244831286,-9.22796582268505,-8.38731400439804,-7.571183409681641,-6.810539674525548,-6.088842274331923,-5.365619636859527,-4.604589500125779,-3.791436279313461,-2.935020398242845,-2.0564118105000677,-1.1759441662617989,-0.306550767178248,0.5448320185337643,1.3712961554364231,2.160427173583181,2.89288869445408,3.5459063659114003,4.0989867167205265,4.537573681523197,4.852398969103775,5.036602259999999,5.085389113094682,5.001253863810828,4.802523061864368,4.5283819966002135,4.2337837292655705,3.9730597455507546,3.777806912945207,3.6380040257340296,3.4937842941114186,3.241417919165019,2.754316846557855,1.918938268756225,0.6840750146794236,-0.8824100521311801,-2.5438690992071353,-3.877488017905375,-4.321200936979338,-3.3082024589766426,-0.47931386461204006,4.089088844851262,9.749872248544651,15.352015503277464,19.548929920727776,-0.0005259928279291584,0.0
7kg_10bpm,2AB,4.2787719,6.4097339181396675,8.602220091290723,10.656726072002865,12.465766430758734,13.949829682737032,15.087870582068428,15.880287173419758,16.309919568217058,16.357728943687032,16.08336955340027,15.540516002355295,14.793482179155403,13.947968906949892,13.068936861034738,12.197447047931306,11.348707076170415,10.51802868535119,9.697435297254454,8.878136967668418,8.049280517140431,7.194103216949955,6.278755710406333,5.265100344249523,4.122214364646761,2.8240697599999995,1.3683328065725073,-0.20663086420995108,-1.8596111680956937,-3.542226193766652,-5.209721182660064,-6.841458043452343,-8.429213611489754,-9.976510696373296,-11.479581669792239,-12.911459757046279,-14.20186535077515,-15.281119780568634,-16.07424420934339,-16.48671135115907,-16.527351851448117,-16.232972318937748,-15.661526992930344,-14.918507045864681,-14.113613116109228,-13.329177033413584,-12.638093061706963,-12.057761579242195,-11.57964558575749,-11.169420925480065,-10.75853424,-10.282523433872633,-9.68217733350991,-8.917370334705943,-8.006617834936883,-6.990285844398698,-5.939888781859763,-4.9448688078243075,-4.067822934654886,-3.3537920680546387,-2.7961271761062614,-2.3505519471243668,-1.9686349637863476,-1.6018073473737204,-1.224929309494459,-0.8399917076502261,-0.46847884122228317,-0.13518726674735548,0.14803441751666552,0.3816263894151564,0.5838700527452378,0.7783557339440801,0.9813306562242154,1.2034936291024927,1.44613914426397,1.71558025,2.032723277803626,2.4276291816769695,2.9232664909155917,3.5260849816729136,4.1892185904012305,4.798157031622319,5.208229966644797,5.202139791149064,4.679107338825939,3.6174385208184865,2.0939410897728674,0.3782178787356563,-1.1909726334919397,-2.2758778427198263,-2.506158090051227,-1.8070002570267165,-0.18737774043304858,0.5138719024288716,-1.005046392453774e-10,1.5578227549192358e-20,-2.300699067374151e-30,3.159864131925804e-40,-3.823619101920702e-50,3.435684981108981e-60,0.0
7kg_10bpm,3AB,4.52601387,6.807467486406759,9.216961240383652,11.521361714199655,13.50945509983195,15.07103961576547,16.18134433350068,16.794083275915945,17.041440139961413,17.00185600951828,16.7688071606562,16.43967287215415,16.04998322050756,15.60039142835534,15.066406916033058,14.396180604629201,13.573940961710862,12.611918675486693,11.538147362246892,10.427765128880988,9.329253049999995,8.27152995001887,7.234539208624769,6.1681040477815365,4.997408552903835,3.6730250324678493,2.139151292064559,0.4157442108021966,-1.461778523272464,-3.449794562670266,-5.471668639631346,-7.474018622864453,-9.397680561198792,-11.205836313093547,-12.84623058835129,-14.278028698238009,-15.482003574208425,-16.401478895645194,-17.054700806780808,-17.453946854737456,-17.59847215,-17.555838257675525,-17.35014044218472,-17.00847227193382,-16.560055918548354,-16.007497839463397,-15.364676697975142,-14.651775173699164,-13.891455364153533,-13.130099971553332,-12.405737416325886,-11.75874609416457,-11.185005947170954,-10.662085956509873,-10.125029631207983,-9.501409349859351,-8.706671316708878,-7.6993141959393085,-6.490971647744117,-5.1115950829790275,-3.67676935,-2.28485847938795,-1.0529438821072974,-0.023223809208180728,0.7763667910516497,1.371951579019107,1.8251502089035858,2.173680958407499,2.453128721687999,2.668260512308658,2.790530057896605,2.813684644079821,2.7367591822656783,2.5892719110749916,2.4404662250734988,2.3656637433946206,2.4354068478574176,2.6625217889988724,3.0316341869387067,3.44147551706359,3.782116170000001,3.900498929357471,3.7395430757400625,3.273238546259995,2.548728065355019,1.712193860964771,0.9113494778716184,0.309241713092362,-0.006840745164841232,0.05658484364485547,0.4758226475491525,1.2205228820357872,2.3038066674090016,3.666832209794676,5.315834343565445,7.2416297316882,9.353647703314516,11.525577138812377,13.516873976122623,15.087326970852418,15.87238949
7kg_10bpm,4AB,5.45863142,7.212483615320848,9.303396668793424,11.51348187583879,13.577383010359508,15.282938206173549,16.492285477588975,17.07486469109928,17.148439930699492,16.806391468168616,16.213745654484075,15.547223620752632,14.912679291894008,14.352025740566473,13.830003322182952,13.272608570120676,12.596817280180057,11.763300814500418,10.746369456842908,9.604089851264117,8.38950550479511,7.152000804285386,5.913890304769606,4.658667550864736,3.3331011069191816,1.89273802,0.29712563555794735,-1.451367307250414,-3.2972587389287127,-5.16711324224574,-6.962581886941351,-8.616243409395997,-10.054773645345707,-11.278752674429189,-12.300339121558904,-13.115188799605159,-13.76756580593365,-14.261362290124207,-14.58187238774873,-14.741177922849465,-14.727550983090037,-14.546307696322751,-14.2319057070253,-13.809277544913998,-13.323445312065058,-12.811667131226475,-12.302357708449676,-11.815305962640881,-11.35932926835234,-10.944368268173816,-10.56507865,-10.216794872192978,-9.889273155667015,-9.56412898809407,-9.22519476009579,-8.856848439574252,-8.455033201761907,-8.01708500299062,-7.5470210454240805,-7.049703131012826,-6.523213069761479,-5.968018646389931,-5.384375921434538,-4.768958688032132,-4.126208755214095,-3.454497519752679,-2.7425545922263805,-1.984005485613762,-1.1678125344007366,-0.29324736297703957,0.6122770267242325,1.5038558522503567,2.3074865233076487,2.9604970302330864,3.386533813473889,3.5693383899999995,3.5391359035471353,3.3444581394370223,3.111537940261088,2.945971874811296,2.9781643627043395,3.245320237403545,3.7559918773722267,4.447086578274193,5.172988045186519,5.772100046294089,6.061481617426396,5.9503711902060825,5.364684385724413,4.396127276627367,3.2267532436203905,2.126870069739373,0.000236610107159082,2.4798144486472315e-14,-3.312568676587937e-23,-9.138367388446024e-33,3.9208246742454424e-42,2.0120683453331248e-51,-3.3552597448024785e-61,-3.575724121545092e-70,0.0
7kg_10bpm,5AB,9.15658456,10.33807907904928,11.51103959892869,12.725127468804244,13.989885015657832,15.265421869431036,16.446625416509082,17.43160248702525,18.091396001014736,18.362201746380997,18.25069530265212,17.74893257400506,16.9942227320675,16.066921417356628,15.078166931918497,14.099217039059589,13.171114068942344,12.273971304326658,11.360967982984329,10.352024046533357,9.189954883052339,7.7933838021317765,6.176402159660607,4.352568162289282,2.3758573577638646,0.3281972847368068,-1.719106881121383,-3.7006896375917306,-5.572577550694098,-7.290819249073712,-8.852030490826154,-10.223643451112343,-11.408763700998204,-12.409411921572742,-13.21338577663916,-13.85988936483277,-14.3542300932542,-14.723253486716727,-14.984387784651993,-15.124540233471484,-15.15375149050831,-15.054528662185938,-14.829427317128676,-14.501794374905375,-14.093577841389124,-13.660007813166276,-13.240002595604802,-12.865340099706163,-12.538098124488943,-12.246871790744182,-11.953522098285239,-11.622983559560124,-11.220449509062549,-10.737633917461087,-10.160254371126985,-9.502655256476162,-8.768853605818524,-7.956387630177458,-7.0736060293408025,-6.116842535952226,-5.10904863533233,-4.082898375666843,-3.0961043114417204,-2.2008687430826255,-1.4575177809588484,-0.8858474704014571,-0.4675948748865641,-0.16930031288912206,0.09392132114104047,0.3887098923818462,0.7691886628830564,1.2437611219384324,1.8032593122716771,2.3878137496908627,2.9453074681540667,3.424518700330772,3.809271276701603,4.081574102362318,4.267942658028692,4.376580470758017,4.4086327397064,4.361230546013937,4.200451300090548,3.916865068801433,3.5004935665884034,2.9569507704171043,2.3339806821165237,1.6865616437878959,1.1057196339539948,0.6883494871327283,0.5960513819753934,0.9203453576660295,1.8285408750587355,3.375107474931327,5.525403629671726,8.218657933320003,11.138269517131008,13.958263110216178,16.24269641628856,17.684100072148492,17.81143914
7kg_10bpm,6AB,0.95750375,7.254720121015048,10.12862557051002,13.0975763237234,15.796812078087285,18.00050776464204,19.39690721866847,20.06284443141219,19.954346296676743,19.311753177925745,18.31351344631929,17.188952849999062,16.094448956856816,15.129611673902286,14.285295940111792,13.519771353508817,12.734541480138358,11.8383905639629,10.783374136964982,9.550500911634494,8.167980860163746,6.688174724271257,5.153588080538646,3.595546312990214,2.0080072262748687,0.37585687723869926,-1.3290697836431966,-3.1047062830802785,-4.927449784186751,-6.737845720133422,-8.472526739291293,-10.049900883155233,-11.453450710082574,-12.6333496556697,-13.635480231817738,-14.462277194868475,-15.1499232145433,-15.709162975341629,-16.13802976255756,-16.43617167974224,-16.567429926541333,-16.542526776740427,-16.323917035985062,-15.948805210878968,-15.425027994784644,-14.801369625923735,-14.119961702681302,-13.42447906462741,-12.742349358563867,-12.086764845243339,-11.44497990574292,-10.792985494308141,-10.103232015251026,-9.348294817603202,-8.520652411144534,-7.628257981191576,-6.696499660006809,-5.762707914784313,-4.87416299184056,-4.058060278291414,-3.3567188188137056,-2.7689191605628807,-2.303962411468641,-1.9428539674919725,-1.6604030492213104,-1.4225259105521075,-1.188443047605561,-0.9113719160191015,-0.565605627047855,-0.11572831132409792,0.4304417357543586,1.065040467321299,1.75057839232646,2.4426391814097044,3.0819969847704525,3.623864715396262,3.9850911798791517,4.146422937980213,4.03144251983125,3.64900054482857,2.9974262838732066,2.1508102240069076,1.226878440518018,0.40303948664046263,-0.1697233612596947,-0.2608630211587716,0.13254204452596183,1.0663752942711895,2.3627160230834967,3.8395995888211627,5.2463039259427715,6.4070665646136655,7.192035503864121,7.6700024129666415,7.937263072613264,8.220945185489846,8.72287234729287,9.55029264073732,10.715469193180638,12.06715373394637,13.35526829
7kg_10bpm,7AB,5.74468311,7.384482849846106,9.289716499225303,11.30558961667292,13.28358656161401,15.044385609714983,16.405157978587315,17.283071416839437,17.653942971367186,17.529222704887932,17.06318391625052,16.37432613568781,15.55320849401276,14.652792535077856,13.684282825905443,12.63318930655032,11.4766652886429,10.227729904254835,8.913337970384395,7.563689394922578,6.19740499371325,4.8038011358618276,3.348035906235993,1.7743568611941354,0.0567825644599885,-1.7903971234032907,-3.7140318057128114,-5.603151103600934,-7.334408549814057,-8.8020900127987,-9.908117891120911,-10.651621396368123,-11.094359748945683,-11.323965948711713,-11.45349506976126,-11.591837578613443,-11.794381383331991,-12.081328981101823,-12.422833118527347,-12.76786298400678,-13.063402387162398,-13.248983937592863,-13.302740197282395,-13.215750438403477,-12.991933531046245,-12.661496866814344,-12.260213377500687,-11.812290775371983,-11.326895580898823,-10.804484185847146,-10.235969232352414,-9.611840859593052,-8.93404324396341,-8.216413743710289,-7.472507451694175,-6.711490005800904,-5.936054473461531,-5.14056471312604,-4.317616576308539,-3.4683397535227773,-2.609659853134564,-1.7675163478199662,-0.9820816132303737,-0.2805553247146106,0.3237931410880106,0.8295710296887758,1.2514644038695169,1.6142550132510698,1.9294914853418972,2.1928511761376015,2.396395400545959,2.531028582828139,2.5931488903302076,2.593288437429375,2.5596828160697296,2.515565235879201,2.479319191432831,2.4560439842527813,2.441957670104961,2.4341291542909245,2.4403979633597666,2.479714235365253,2.5755446704690295,2.749027758954675,2.9848183866614972,3.2317565660350196,3.41037706144726,3.4019832895174447,3.143390535489219,2.6172256539290055,1.8790578212178943,1.1174332214169205,0.5744568631573136,0.5065315413795204,1.2162998136605943,2.7331324898457057,4.982776815504007,7.729596164517774,10.51124557907658,12.852640997682311,14.34697799
7kg_10bpm,8AB,5.09390155,7.072741546926184,9.047267230312261,11.355965218572122,13.641918022916451,15.597305559492762,17.000872196568608,17.74380203444883,17.965825217354098,17.823946999484804,17.531683339580855,17.248305804619886,17.01574082520522,16.755262962858104,16.317845642036083,15.542249770732221,14.281285671251132,12.573556994731593,10.499738654611358,8.236081559706726,5.99566321346526,3.926236541564376,2.1244109860440314,0.5408309309209294,-0.905652959554848,-2.339265200000004,-3.8511710142899083,-5.471596263827074,-7.165155652789876,-8.835702889847925,-10.388631939208686,-11.719393191696001,-12.805739626005883,-13.633659200569827,-14.196771541837553,-14.548758276702006,-14.71452183491657,-14.715800497678522,-14.60257936438664,-14.398485280700491,-14.11668479150478,-13.773881302190338,-13.372244562636833,-12.913716563386219,-12.42151622344963,-11.91973957379049,-11.442200842749576,-11.006901738900881,-10.615296246744553,-10.245873555795125,-9.854580189999995,-9.399916925485762,-8.833539430801414,-8.153429164826047,-7.366731511694896,-6.494881765357735,-5.588226996940322,-4.684654020349804,-3.8303269610592903,-3.0537880508483335,-2.3794214995402205,-1.8397949758909005,-1.4237572372461291,-1.1192222487713273,-0.8975813813630913,-0.6925401370631353,-0.4472754982340386,-0.09228570010258497,0.38871597252921897,0.9866040903641793,1.655145288883308,2.299366660946377,2.83579910058493,3.16223967541804,3.267650302080968,3.16845388,2.9166408322186936,2.6299199054571454,2.3959652706538432,2.3055870151645985,2.369960951215535,2.570809692018127,2.8619805692904574,3.1595628974123504,3.4017715255579053,3.5139004558551954,3.46301472389958,3.221007368711308,2.7491106786249957,2.102080443768435,1.3647725660482608,0.7313233708114125,0.4637771353287718,0.8235494855363799,2.1819052067788895,4.5508535034618784,7.823553290781305,11.697365764146044,15.487860820408127,18.56110860918674,20.05755942
7kg_10bpm,10AB,1.10105859,0.6878694641135571,1.9533156239373406,4.719688854593543,8.39081967290274,12.142042046454694,15.201755292869837,17.099928880510692,17.770153323042226,17.470993905118185,16.591936950795304,15.461316293193779,14.246481034654812,12.963382205137021,11.553173406009257,9.967834212580055,8.224190196964969,6.410982981370604,4.6540872023868465,3.0603619826666035,1.6701045760065496,0.4454074460972457,-0.6970211159016977,-1.8271753941777567,-2.951550232659941,-3.9999518100000024,-4.85904292571738,-5.436805443899661,-5.719162293108503,-5.7894239627692725,-5.806471251553582,-5.953440447351135,-6.374731485757081,-7.125289786460934,-8.152246407708096,-9.31596059257691,-10.442084579023465,-11.383407811992445,-12.064477285618738,-12.488935390598098,-12.709685633538998,-12.783795843829912,-12.741063570256967,-12.582064321913597,-12.299316107583504,-11.900530238827931,-11.414913489609958,-10.878769435440873,-10.3130432239097,-9.71097560309948,-9.044832529999997,-8.28505930660493,-7.417333528377329,-6.448611109247277,-5.402788861084711,-4.313507021303416,-3.2204103173623664,-2.168721623789695,-1.2069011019306404,-0.37889549500185393,0.2874442720383935,0.7905713271669801,1.1587523298799196,1.4442048181489608,1.709021795030285,2.007845438799822,2.3749875981184543,2.822487133575676,3.347221525177128,3.9343519785898247,4.545303218105528,5.0968663194036585,5.456989022035892,5.4787536867063915,5.063549261934102,4.213907130000001,3.0413132795148963,1.7353178526088462,0.5271351361821622,-0.3411482229966052,-0.6663040511839934,-0.36915891933405315,0.4272876039373259,1.407862250380277,2.1896566327324467,2.4952361885222656,2.280667955912052,1.7503823992067702,1.2507990119329266,1.104664347449521,1.4748666650540403,2.314685584788818,3.4042814701446944,4.431141417871118,5.068332447060756,5.033401934099056,4.141780810721707,2.3720224133532635,-0.0680986584398698,-2.7213502718829377,0.0
7kg_10bpm,11AB,1.31730547,7.581606881943075,10.956629407481286,13.793922338694786,15.641803836679387,16.407037474631526,16.293270738245933,15.65035879068105,14.816448273378695,14.010606119240366,13.293390816673423,12.589982229380576,11.751348386940988,10.645583101237927,9.231386733181525,7.579105360935906,5.850502875198307,4.237169942800731,2.890388746936563,1.8733117921976015,1.153137992691056,0.6309931477622588,0.18779342247884104,-0.2792484428986314,-0.8423396071345092,-1.5455500256370425,-2.4108660090620466,-3.441392513851546,-4.616577555351964,-5.889188169358376,-7.197189682311216,-8.476413973339714,-9.67291262902591,-10.75069202081542,-11.689957242405864,-12.479463028252844,-13.110430653881837,-13.578029031268764,-13.88858696893901,-14.064352425004866,-14.13940129099803,-14.147304960958426,-14.106191061234092,-14.008272280283812,-13.81864165806533,-13.486759138880606,-12.961923688006788,-12.210169406030344,-11.230987280843946,-10.061814714063338,-8.767275019681437,-7.416371414850433,-6.0593732880179685,-4.719392834331952,-3.4044771572737087,-2.131348411799417,-0.9412439958484506,0.110817385826797,0.9932828084013022,1.734675971180239,2.425836258640946,3.152363677633639,3.909760192554688,4.585465308379608,5.040643841481569,5.235017412655704,5.272106244615592,5.309585657949201,5.411718430371593,5.480601084296217,5.32723180342047,4.817351896756899,3.9701580134985117,2.942686428190305,1.9333320053018588,1.098217246262614,0.5160668545696062,0.19367808990907928,0.09183214475703108,0.14007254495234508,0.25928643014871156,0.393749228551219,0.5315001328487045,0.697352275902622,0.9218560022926505,1.2077911664385492,1.5167855442616467,1.783943934869197,1.950226213946743,1.9935664545853211,1.9401422363022491,1.8526010006111777,1.8011132036571462,1.8281240073132121,1.9338416517839554,2.0784038027542575,2.194373634434794,2.201974744933718,2.0241736858282002,1.6078216376911212,0.95369568
7kg_10bpm,12AB,4.90728196,5.112713511553431,6.570493525657157,8.972208262932167,11.731983579711152,14.21992134225083,15.983863198137923,16.860379471088713,16.942201359158442,16.460393002714355,15.648037236972474,14.648918891049378,13.513288775327927,12.245932354612187,10.853908609831887,9.365224481514936,7.818228251824154,6.243710993162664,4.660922670635722,3.0907424220425574,1.5707798349376887,0.1539251799362073,-1.1134941885499094,-2.218118298474769,-3.187504160451772,-4.069857802742811,-4.899204054358045,-5.672563136588252,-6.35638337726401,-6.914187486624273,-7.332618141656241,-7.630389814091416,-7.846959706711894,-8.025440512648188,-8.205156398169272,-8.420543220552526,-8.698366493570624,-9.050848130200494,-9.467790341343969,-9.913714826536848,-10.334991192738787,-10.677098182317174,-10.905869653060153,-11.022098507260383,-11.059489218657488,-11.063470535083356,-11.060054950177136,-11.031905941534959,-10.91674086621102,-10.63190637158154,-10.11294647864927,-9.34713853224867,-8.389685578518954,-7.347098194548222,-6.331069758519389,-5.415240809060775,-4.612959053764956,-3.884563628489209,-3.1732197614683435,-2.4498626405189956,-1.7421230854292402,-1.1291724951868243,-0.7003598032449384,-0.4950009079820945,-0.4536867727445875,-0.4111684273715834,-0.145285302890764,0.5312814067714128,1.676690257894793,3.1710006831449373,4.742027402797548,6.0544698397660595,6.813764391097314,6.856822060367995,6.217340698737682,5.123923704157874,3.9286067372209135,2.988209225784681,2.5179421489161826,2.490262860566416,2.6502650522955014,2.6414319782414246,2.1718762208650833,1.1383658103645584,-0.33756535146755445,-1.955520464800213,-3.329599775841004,-4.094285805839203,-3.9990127041182477,-2.975267593080168,-1.16271639220135,1.1186900440176073,3.4536189747079225,5.445057329417743,6.8213722113894315,7.512801234793781,7.6437378470276975,7.435486805890167,7.089854363115652,6.706055253932452,0.0
7kg_10bpm,13AB,0.91286933,2.6949206157966374,5.325158857707389,8.408118314030574,11.317138612092089,13.600442182779226,15.068951967083043,15.775880226177865,15.923536917489349,15.73512704727041,15.375410054888022,14.913001027214985,14.342124026993291,13.637718291181638,12.794121002697736,11.841463755655695,10.838519342611903,9.850951512017211,8.926567158523156,8.076754684399802,7.271542144461097,6.441412270018101,5.500150215506611,4.362108891022787,2.9634723467921282,1.28263652,-0.6416758378268274,-2.7048987274926866,-4.7523762353717425,-6.617768640760026,-8.175361578311483,-9.370285680624317,-10.251210439922428,-10.933948430235848,-11.543710566550873,-12.182246865743346,-12.904927083277922,-13.717653959838739,-14.582022234066105,-15.421130638989533,-16.12756008963852,-16.58335695763309,-16.681382615348735,-16.390796736268573,-15.772576380534804,-14.958151124425385,-14.108172308041985,-13.343960571664823,-12.695663892114627,-12.093238027202759,-11.406910129999998,-10.515665174237888,-9.367916103062008,-7.998767099486086,-6.523889557718502,-5.0696677286951415,-3.7352587466880793,-2.5746608210241,-1.6013743968351195,-0.8049871092971556,-0.16683550569771863,0.3344277475448455,0.7286679591728423,1.0633085641573836,1.4073175010575576,1.834002594142678,2.392067224391517,3.0860864124524237,3.8677621889571157,4.643318448781185,5.29198209695986,5.6945508834183425,5.769734613312849,5.511447423252317,5.003723687600812,4.40601896,3.88399279629266,3.5178750797971134,3.266010909334943,2.989081109522541,2.5321839511386646,1.8179576303514053,0.8995079163802624,-0.052616745148641446,-0.8191161612932885,-1.2149733055188008,-1.159359583793291,-0.7232952583642136,-0.05602003499624541,0.6714270038043635,1.3390768675667497,1.9239419844019294,2.5065325208304348,3.239467687774282,4.291587201720033,5.778586217544552,7.7075093805970205,9.904181829408683,2.58841032938998,-1.0327119030742373e-11,0.0
7kg_16bpm,1AB,6.11609265,6.435952252406315,7.527402719275632,9.210244790861099,11.371282862210771,13.674880395147683,15.842816357580313,17.61134558630525,18.85096219923906,19.458927987451663,19.55638077488253,19.17305258781603,18.52361357301413,17.70838151415513,16.843130015307253,15.978735044344763,15.124262219409987,14.253625736136868,13.30906841372573,12.255180378177128,11.032043759119276,9.649396560680088,8.109443262541866,6.460066651374724,4.755277618474491,3.053713822271384,1.3936185041703433,-0.19607331229326624,-1.7371743213628938,-3.2594117000970315,-4.81315203511216,-6.4407843669028235,-8.164240394493998,-9.96453558711492,-11.791682302206727,-13.569468685522068,-15.186726679400866,-16.58873606041293,-17.70183753674243,-18.52421915839406,-19.07320806195517,-19.3796494821122,-19.50787905023021,-19.472075237706132,-19.32259438209462,-19.055069577112192,-18.69102063457674,-18.23353491285304,-17.69758664857101,-17.09901295395084,-16.441687707563922,-15.73182208557619,-14.94425042365868,-14.072562538259122,-13.089051280168269,-11.99655230547941,-10.80638041315566,-9.552034179518586,-8.279687244348299,-7.040415934916757,-5.862763929970137,-4.77640270364874,-3.7654375333556658,-2.8159485363551195,-1.8975814942120146,-0.9891250179033866,-0.08228382367773689,0.8154810974254318,1.676055394246107,2.4780289412853924,3.1874105969836837,3.799764221023039,4.3160856693457905,4.758411952037277,5.158320286497483,5.540155402247763,5.915007429440825,6.260860773482124,6.533890353754051,6.653617390804289,6.542007085235731,6.135051996759739,5.38639305047358,4.354006053866613,3.1030190485095734,1.8224856891301546,0.7308702781366865,0.038721310371624504,-0.02393059065019602,0.7090887507886618,2.2832535117382804,4.756848630140171,7.896531688489327,11.532968585090789,0.033371219361467516,-7.54729554360677e-12,-5.355580716922582e-20,-3.2130966795304804e-29,5.045182592725e-38,8.225038990295227e-47,0.0
7kg_16bpm,2AB,9.29492648,11.646408443511406,14.143251906907013,16.431376880624267,18.200082140085104,19.34504718490436,19.786792957506123,19.72549932303398,19.345598351847016,18.838270159178055,18.353561588123807,17.930207015636164,17.50703088698053,16.966400521442203,16.152804751874097,14.965312314570003,13.396143888783213,11.450292191187957,9.29679857517179,7.067356977498663,4.905764944188566,2.876548896908688,0.9909030622235633,-0.8173134900685477,-2.6375066251471435,-4.552298684472792,-6.577728323073454,-8.667772034277267,-10.708445434054866,-12.574517226183348,-14.155172586382339,-15.370583713569951,-16.26219239326192,-16.863014150670566,-17.2645042974424,-17.541909556415682,-17.7228410466766,-17.82043219976852,-17.815323303094225,-17.65920107641132,-17.345988901078314,-16.859608628889642,-16.214624887205254,-15.460129615270475,-14.6421311037344,-13.826395365522052,-13.058925860641521,-12.385559854952525,-11.801005874720438,-11.285712090190245,-10.78593873606828,-10.229818070682231,-9.536863793943715,-8.637998372016465,-7.520089218492648,-6.176463213529788,-4.69781270474453,-3.1853911139595734,-1.7833252628764302,-0.592863308212697,0.30493601921756397,0.8763347657284832,1.1884436276529287,1.303989713430111,1.3372336203093893,1.3768784567090426,1.4972716333104934,1.7167653180628646,2.026224086003642,2.39172071670454,2.7557691529628614,3.070115898509794,3.296225776070457,3.432710149022566,3.4905664296479326,3.5185713088564494,3.5633276348545735,3.676062777826713,3.864240057586316,4.113753428814783,4.373399078240191,4.577513058884499,4.656780095008391,4.5610706048816,4.284721827584489,3.815887032584724,3.2084892333480552,2.518955441857665,1.843198460209529,1.3120702461623497,1.0972802534427615,1.4287374380597249,2.424717829483193,4.230311326627723,6.73783082024822,9.665892797092724,12.56039157118702,0.00013675245397920316,1.655969424940067e-12,7.814917911574502e-22,0.0
7kg_16bpm,3AB,14.29451053,12.91007033783956,11.626440419898817,10.87010135279403,10.816611970000002,11.581664015354814,13.03521333511642,14.915520270991035,16.9187133,18.74710717082902,20.118302482499917,20.935419756859805,21.11936315,20.690696989080276,19.763952234495033,18.39491925563527,16.77245702,14.997917564665281,13.20552335194813,11.47608433947141,9.85689476,8.334735232408676,6.883801894017097,5.449859177496811,4.00669715,2.5558412505194656,1.1188821817314933,-0.2826631369170072,-1.66516848,-3.1043148527110316,-4.70251072059644,-6.598179162552281,-8.85313717,-11.44064222148884,-14.226594970433682,-16.977088897505627,-19.3744206,-21.233080433189496,-22.358535767980673,-22.74539960435504,-22.50103929,-21.757225193598437,-20.758002151142563,-19.65709240441064,-18.59481509,-17.635256382414678,-16.787127692622544,-16.018521039572846,-15.287579149999996,-14.547621424617796,-13.760954959044428,-12.912554641809159,-11.99163481,-10.997309957886356,-9.938133563474818,-8.810404810990066,-7.630559029999999,-6.401335341421665,-5.143515879208596,-3.8800896915758356,-2.65057811,-1.4925681531491306,-0.475843482802983,0.3798049805453294,1.02772107,1.4831787933692582,1.773318583651605,1.9502508151773312,2.08398494,2.2375095242124097,2.4506971340179637,2.7486802187635506,3.1190944200000006,3.5330231415831497,3.9466672231359756,4.32363133797608,4.628768280000001,4.871925526180689,5.0688218795108595,5.252901829700046,5.43867863,5.596575939381153,5.655350039589597,5.451427496842424,4.873226969999999,3.794582492004763,2.230554700897537,0.35647454333230805,-1.4849832199999997,-2.8743841468073636,-3.2169564877310166,-2.2332834594315725,0.31005784,2.676392546407564,3.356320730891094e-07,2.2903792845793475e-16,5.165746658887006e-41,-2.352111878257902e-34,-3.112920007813406e-43,-2.124280744335176e-52,0.0
7kg_16bpm,4AB,15.18793664,13.379614269106815,11.87872138415669,11.051674281180153,11.099293484125088,11.985938326471706,13.507304802545997,15.32073322553439,17.05954860387747,18.456185359425795,19.285888023017467,19.565673444005768,19.288070134833372,18.640508465047194,17.702626425281014,16.619889261730265,15.425689473075638,14.15699001528805,12.783079572945539,11.306059960659596,9.696722851584042,7.985490592051596,6.188328490337817,4.355759342352065,2.527442671313329,0.7383058757345535,-0.9864206006009872,-2.6402855015772086,-4.220236954965947,-5.732173781389322,-7.179006098580678,-8.560404734184385,-9.87493706552143,-11.114327952001267,-12.278561374200832,-13.35930621216051,-14.36264592934149,-15.277246728715106,-16.106819817476136,-16.820570504691638,-17.41484544723511,-17.830836847059317,-18.073590604274898,-18.07465152823115,-17.869422389323546,-17.418325925172045,-16.788025816054883,-15.992231974340033,-15.1085254966175,-14.187396528693542,-13.286619572982975,-12.446617145145526,-11.678356198762852,-10.976275992089679,-10.306120887197157,-9.628243474776719,-8.900750009479898,-8.097624640476916,-7.2093138980629865,-6.251245383348153,-5.250892513259424,-4.245118524663279,-3.272532036291378,-2.356857722931655,-1.5270212612730198,-0.7814523115625178,-0.13677946165686736,0.4288345594508191,0.9147136273530707,1.3570129732376215,1.7820658172848385,2.227952559956025,2.738166717960496,3.325752882742901,4.007258777176698,4.750092325481796,5.51556208524321,6.242652195216708,6.865564940564997,7.333890342939403,7.593484638359104,7.608226116616978,7.33274549797952,6.72112865140098,5.745272961692985,4.3933067243664174,2.744186953289392,0.9526765609330131,-0.730862931238055,-1.933445664495467,-2.3958153361204775,-1.7234908088867327,0.019313453771875516,1.5487473738843214,6.251124421681732e-08,4.528521749865343e-17,-3.920652807372327e-25,1.1539927929351516e-33,-2.329634767496939e-42,2.9886769737938765e-51,0.0
7kg_16bpm,5AB,5.38284754,5.0126510460034135,5.5949595016392255,7.046122440203433,9.20248564663785,11.727407297632698,14.292435136609408,16.567960073189624,18.310649684935903,19.397799066031855,19.796075880407273,19.59377274764588,18.910343223766294,17.91338975481635,16.74125986629564,15.514055425862047,14.300811240122869,13.132145618651755,12.003180853783734,10.886160169014271,9.747312156645098,8.55397461685958,7.288399543029849,5.9458020963137495,4.537089158460876,3.080556730552669,1.5968247531215507,0.10313283569923805,-1.3896729988513057,-2.8750645058868978,-4.349243699742501,-5.8055446412625615,-7.235312702064562,-8.622214024637238,-9.951160415471959,-11.19922141155632,-12.353574336712223,-13.395697083155923,-14.32550566190046,-15.138239374162698,-15.847005696910237,-16.454043279168925,-16.968382264605353,-17.375500126419233,-17.662820985857714,-17.78793316089445,-17.73006195088918,-17.448450788134487,-16.95520777681914,-16.258658358227343,-15.422157852821439,-14.508787639651839,-13.592733482716557,-12.736338981738463,-11.962071224929467,-11.271727283300276,-10.62399735281787,-9.963661210023023,-9.23965722979319,-8.39978504923295,-7.439805634471884,-6.356463193239828,-5.190966545364343,-3.9784070148933326,-2.7627764473478615,-1.5832065187789803,-0.462152934738418,0.5648102544258623,1.4862525112145708,2.256699291355903,2.8721609788934472,3.2929449736984373,3.5526427140427126,3.6716620317184336,3.7381725070809546,3.8540661558333222,4.104121197496399,4.5924558030976375,5.297006628514146,6.183295399203808,7.088663204945248,7.7723239046597925,8.050078645939537,7.598567952281401,6.430309603877568,4.431960165158503,1.9390454259040202,-0.7070391786282579,-3.011069749240008,-4.270838065089607,-4.2602666528880535,-2.408793471260175,0.9070486338117117,-6.827480588011862e-05,1.517254534605498e-13,-3.26382821205415e-22,6.708967683231326e-31,-1.286448892085679e-39,2.180825851704658e-48,-2.7561903472279594e-57,0.0
7kg_16bpm,6AB,6.7524749,6.8664033458086156,7.692244490177398,9.301691343920954,11.373155007940825,13.711793464904742,15.994532537911265,17.926783457453602,19.37254603079894,20.198434429650096,20.462180227030714,20.252367031078336,19.718284552620098,19.02448710291711,18.289119131569038,17.587393180097653,16.93575519389586,16.289592625427815,15.56023488982364,14.68005849752932,13.522378209098562,12.094428113547819,10.348704045209448,8.367694616315559,6.214952144341953,3.9949061247786997,1.796401004805771,-0.3233966284347271,-2.349418078956041,-4.3010146764652255,-6.232317068918371,-8.197829011379216,-10.225801981609347,-12.326131046062839,-14.4462898603084,-16.49836925272177,-18.401474545086728,-20.016626928897924,-21.302042899555765,-22.169785201955545,-22.63862342066128,-22.719890884184938,-22.473555959958517,-21.978132671265907,-21.296611574666805,-20.506692656248205,-19.647063089387384,-18.755135078195437,-17.83775241658918,-16.899814188860123,-15.929432341161291,-14.92842638529774,-13.893441771198724,-12.839512219699238,-11.78540822665662,-10.753307156939544,-9.76495072519168,-8.8287042973491,-7.937072015586863,-7.067976105333528,-6.184649868035308,-5.245020397856264,-4.229187048863939,-3.115588068417465,-1.9415421954523975,-0.7508510996114388,0.3888773191410019,1.386615873784555,2.206293024067331,2.7981464174733692,3.1915083225304395,3.4304339247675615,3.5966484533589855,3.7825956407273997,4.0706562898805725,4.508199824580572,5.129326402631572,5.892632098428882,6.760271102640977,7.634629250975287,8.390301185888553,8.935321175195035,9.084664643361437,8.7871451976515,7.907537801782478,6.485358302413737,4.583769928936833,2.4121554040033715,0.2875657349693549,-1.4004648736727843,-2.286686111050606,-1.9491636680897906,-0.36001806930951014,2.661877148590391,0.006681344102891541,-3.787552806896907e-10,1.3945586207026002e-18,2.2429643306213875e-28,-2.515358860984179e-35,9.583026904949413e-44,0.0
7kg_16bpm,7AB,10.14512454,10.075316850484962,10.648673794223741,11.975589296618082,13.84146362161824,16.025736601192904,18.2230788067138,20.14196546304488,21.52276267674361,22.306456006803693,22.350902345496507,21.862584216079455,20.882029594211673,19.640405750208693,18.268254878503267,16.883201892919754,15.542217925458324,14.245756696535235,12.946668758782534,11.566400047594517,10.051497321802362,8.307384069286735,6.354633306189492,4.179723322095116,1.8539720650911398,-0.5482680699830605,-2.938303629770419,-5.238268996903131,-7.380500741317022,-9.36251988915862,-11.152465624938811,-12.80504644301258,-14.312848776359381,-15.698782326442343,-16.930846453265573,-17.975018685707827,-18.781906591532557,-19.29121578000784,-19.509352366432864,-19.392128731496438,-19.033910839342912,-18.452533989115555,-17.75998265453817,-17.023034056031825,-16.30703892994749,-15.65407478849074,-15.079578393396476,-14.569959031893363,-14.106629808432242,-13.654898380291492,-13.185920199283887,-12.685114096529407,-12.137579794921814,-11.54733703477314,-10.913197744277625,-10.235683302345851,-9.510032174966662,-8.719913325758471,-7.85894837881088,-6.898368488897431,-5.8528056992314985,-4.715634042722591,-3.5270988527179776,-2.329889694515032,-1.182571962492274,-0.15198281070593944,0.6966052143635848,1.3381826605723248,1.729793428245996,1.9344809557365863,1.979435751667722,1.9780211507082008,2.0313500517203895,2.2245270058149478,2.6307859815500825,3.26955833650871,4.099162680393209,5.052860233078599,6.008381854018808,6.814410928804133,7.383590413919588,7.566042330933261,7.370176401497132,6.783860968139836,5.911598772880337,4.913460440938905,3.995045813299812,3.36261943970514,3.3031435959265143,3.8614735078431814,5.252764112624872,7.282762263141292,9.82873458973628,12.540596371916441,14.998747920617445,16.750496364793747,17.45534546359717,16.697753256542114,-0.014203149474476868,-1.1325635324170826e-09,0.0
7kg_16bpm,8AB,3.52204002,11.958157462498482,12.743126962963071,14.063813853663278,15.700050064302951,17.464270344234734,19.11149205059507,20.43006197714932,21.270200170039633,21.620056514429137,21.387802942940912,20.74714580284625,19.751438984116266,18.533797378497237,17.205685008867093,15.843892695929636,14.504332431266302,13.216257325086922,11.974070794154603,10.761711200498333,9.551644313981763,8.315196511122123,7.011790126744002,5.629342048782108,4.1433435309959785,2.5472355564163025,0.8528061310039461,-0.9451936067821736,-2.809707242051027,-4.724414507381253,-6.657986318544173,-8.581558411400499,-10.462352190924163,-12.280600560574964,-13.993439980963199,-15.588602356345914,-17.032799919489833,-18.293296862389823,-19.36944836831019,-20.195315552374893,-20.80220221892433,-21.15618166924277,-21.265386117108704,-21.157020997238533,-20.819893115326103,-20.32257468645931,-19.68035945890841,-18.947243108438407,-18.163172651909182,-17.361348752518122,-16.56682250723094,-15.793198362747422,-15.034903550753972,-14.279197503348723,-13.50504923965755,-12.694234265073058,-11.816228829795458,-10.870271226010566,-9.840112510143125,-8.728842916538,-7.54472209605309,-6.288473971351272,-4.984712586547601,-3.6464556558498833,-2.3025416348508165,-0.9851508028558427,0.26350534123040326,1.4151230932396075,2.40456493813876,3.234046952146021,3.8813704817885424,4.3672523299053,4.7491345269199705,5.089969391062961,5.477157218624401,5.997963874897646,6.69144930908884,7.549762610666078,8.512233590065058,9.436347422418415,10.097773659810175,10.323478995849644,9.903282349531958,8.694327845860235,6.787400858299901,4.1991194634889295,1.3298147269281084,-1.438429158121824,-3.6396119875412642,-4.898771087234313,-4.675275347335936,-3.0671411469106054,0.05261515650642423,7.09715089070821e-07,1.3133687515584113e-14,1.5180827772923454e-22,1.4283497889657898e-30,1.1423757759628198e-38,7.523319637284153e-47,3.445984723200962e-55,0.0
7kg_16bpm,9AB,6.91882345,8.113272186213578,9.91246555375698,12.148629654030659,14.624800621180576,17.095527716419678,19.293652423548128,21.0437778313111,22.14508433712072,22.601853514974785,22.3713013030145,21.622038787910977,20.45062057440575,19.06137692113431,17.58286958943704,16.122511494673944,14.73460001449923,13.400136055011023,12.071083172096555,10.681305263088758,9.137437957723739,7.4253535469659315,5.493439083030472,3.4109784678431465,1.215825333940303,-0.9908128075739033,-3.111431666658981,-5.093472968442134,-6.860336627476744,-8.443828218754952,-9.838018275417042,-11.11788854400705,-12.316399052578284,-13.47952921414882,-14.613118247705001,-15.706849923847166,-16.72012182873187,-17.620219521782765,-18.35519038453335,-18.912622621909698,-19.26303374245797,-19.421951944773546,-19.38434128334932,-19.177989162505227,-18.811628922521063,-18.314931571800365,-17.704616122079813,-17.00802362206855,-16.242537844703847,-15.425491087728599,-14.564699781120167,-13.662209868768066,-12.714422438814973,-11.713254773031913,-10.652486635310453,-9.524531762068538,-8.330100646218606,-7.069751379859456,-5.755211490319225,-4.400272705426862,-3.0296829640492593,-1.677760006246592,-0.3814969771832575,0.8029023002494602,1.842181140975414,2.6788072214290892,3.314568797148091,3.727538859604664,3.971819562689671,4.081463568984311,4.136958232150488,4.207788668621045,4.345668618594091,4.6041063780247615,4.965499090452707,5.410308933045098,5.855499843302347,6.176119897467616,6.281674298051767,5.982324573706628,5.277896962520734,4.050708962029529,2.4608912408142234,0.6084629489940147,-1.2353466015605503,-2.757610053458435,-3.744849716867674,-3.85887248913604,-3.09685331306132,-1.3011065914990643,1.30835240691262,4.63805338334589,8.340568369772852,12.11553296518831,15.592137878264063,18.360965322887285,20.13470074799869,20.561879121946493,19.578675139927874,17.098418225289414,13.37605767
7kg_16bpm,10AB,12.21077704,11.852908627618655,12.13781445293382,13.230142742227924,14.900173290412743,16.940252593134282,19.014189436096878,20.791558334148835,22.01972630749544,22.564262869623295,22.343547192366692,21.49550695343095,20.077952691987647,18.345418821609783,16.4253057716872,14.495953429546757,12.677456556400289,11.017283993903497,9.557396824356514,8.268340318976076,7.111462305580846,6.023637325699228,4.932205392622041,3.7665304318148434,2.476860530308597,0.9994684515380801,-0.6566739084271928,-2.533745877108125,-4.569074079587894,-6.749673144528652,-8.99664925177414,-11.2371389002045,-13.389447164699993,-15.357360263436007,-17.063928472510224,-18.451278350939003,-19.46368788900719,-20.126807524932822,-20.41677064149968,-20.431849634628115,-20.174278019110993,-19.752717574007114,-19.189522232636477,-18.54705596961328,-17.84704665319131,-17.11492697113181,-16.36581371710995,-15.614152703504585,-14.873812649462668,-14.157033116138967,-13.46762755,-12.80554540874869,-12.154396528021413,-11.490516923984991,-10.791513378498163,-10.020744542685458,-9.172442664546526,-8.228216230319898,-7.201169378394447,-6.102270713038158,-4.955180160713157,-3.7863030157555224,-2.6208245367579965,-1.4819587036392645,-0.3961445231855643,0.6261575612515612,1.5509801727446912,2.383441130662226,3.089672848487234,3.6866505791747723,4.164134681835241,4.549193314819774,4.863710261972403,5.140674693522492,5.407552114438228,5.674487392456923,5.925523371229585,6.105960024942967,6.153942148504406,5.936306514490719,5.42849673671285,4.514770508708288,3.28515485637128,1.8061002174107794,0.27914678312239244,-1.0388585960415955,-1.891325259047682,-2.0264537598569667,-1.2402701159555074,0.47784649502403453,3.1711697406652024,6.544080553263686,10.400573387297564,14.303433491126276,17.78083825736367,20.51439812174805,21.99659971417907,22.10988718505676,-0.006157680100074822,3.4099784677365966e-11,0.0
15kg_10bpm,1AB,8.79346586,8.69965221262913,9.231781709486542,10.714702753232539,13.250619548150974,16.64218907946402,20.415288911065133,23.94874706957894,26.665875180705076,28.21043044730041,28.534215117213353,27.863406372579423,26.56758254872074,25.000613451945686,23.390591192476585,21.820759810701272,20.28621734558961,18.769336144620425,17.277523985881658,15.826159059202759,14.395098749999997,12.904077039003043,11.231005275926295,9.260608306289354,6.931143477065771,4.255119047334678,1.3114385814499852,-1.7785523269270886,-4.87842481145103,-7.862723299714452,-10.639924258869142,-13.16574459025826,-15.438776275977643,-17.478227816102578,-19.293842975117716,-20.863464671794738,-22.13194465473452,-23.034666447153413,-23.532726850532292,-23.63721297432673,-23.40803863,-22.93272770018983,-22.30372613111,-21.607780325727614,-20.92508516301603,-20.326411544931485,-19.86170692133887,-19.54567214830716,-19.350305127591668,-19.20793486867042,-19.021149983410766,-18.677360915241422,-18.07130066527438,-17.137259251634756,-15.881553436314332,-14.395071689896266,-12.82833615401107,-11.330625438545423,-9.98048115254839,-8.748620893912555,-7.520751049999999,-6.170725240973797,-4.639254003761832,-2.968175185571738,-1.2712820716674758,0.33247585033624033,1.7727527719922351,3.032116159323555,4.106466261563654,4.962698990322058,5.5352711840040625,5.770318169046627,5.687640338497861,5.415190356664543,5.165023688748514,5.152393825411107,5.491839261980785,6.119550671163383,6.783545134628335,7.116956620590901,6.776313279999993,5.597815060673063,3.7097605719067293,1.5448824961438343,-0.27433923037341085,-1.1550977498164554,-0.7822905989991761,0.7138664789773378,2.7684139371764513,4.606061277760824,5.617440272329206,5.728552126673499,5.561534818377916,6.242187102407717,8.870569901765816,13.868152132563699,20.533044361248823,27.08144588127534,31.232341585197002,31.115596684978378,23.49167966
15kg_10bpm,2AB,5.07644124,9.184969489997407,13.377814946426758,17.37477838687274,21.084253994740628,24.48529306375235,27.494891679153064,29.913177985638626,31.45081094994238,31.852192798551595,31.069566371633368,29.230740034115996,26.637550908470942,23.675418291759023,20.72173985793414,18.077913129908293,15.938219326185243,14.389044990555128,13.413915150846778,12.907616093271551,12.653919005572229,12.347335954900132,11.656455506880238,10.292206018650232,8.090371326916785,5.065460341539376,1.4128786345928108,-2.5419099698716883,-6.430109399170507,-9.935726341673897,-12.856541721088787,-15.146980193488483,-16.91600596964475,-18.320615642239982,-19.51689134785242,-20.609184703943328,-21.63525117585993,-22.57794694617215,-23.388790903895487,-24.009223213992527,-24.387100872455047,-24.482226209348674,-24.287485114940274,-23.853243704686673,-23.273788043442913,-22.678619614290568,-22.187918708825407,-21.857627156466215,-21.640142907312903,-21.388500986683038,-20.912162457891196,-20.06652546603593,-18.820096839084382,-17.292600848853432,-15.69641488786346,-14.21768396410246,-12.940059726369173,-11.817071540244859,-10.715773521166767,-9.504265573412136,-8.132678202242039,-6.661663058921055,-5.22269658494759,-3.9353739142868314,-2.8186176114823143,-1.7591106135813335,-0.5808826667033375,0.8571917222685032,2.5665728836824653,4.393951455024461,6.0684133350704785,7.312198050407129,7.962397948515623,8.05001970763711,7.779531796793872,7.448159683026997,7.269865622317365,7.269777798181638,7.280659616563818,7.040940924637529,6.349991682735852,5.201274241028369,3.822023646039962,2.5955376978572287,1.8982930144135908,1.94990789248276,2.68611113387553,3.775125835574429,4.799978978365109,5.426140625849415,5.578988209756742,5.5395249883736515,5.907169171054583,7.410023706442987,10.604450922937716,15.547301295450293,21.62867923397013,27.52472449358765,31.66577963389565,32.72032104629997,30.04884477
15kg_10bpm,4AB,11.04216939,12.854222710387253,14.012554023635767,14.924521678228945,16.29592305078954,18.661492663233606,22.06029257610921,25.99356852684868,29.637834304083224,32.23194938326241,33.31847643226715,32.817148999169454,30.969959565333227,28.20559634398617,25.009772127415857,21.82777452149127,19.000633063899997,16.72777305433504,15.047464765297066,13.832803855322506,12.809538149922783,11.612950172841888,9.888530740143116,7.400226827559914,4.130739657169131,0.27742521082786586,-3.8655291264262015,-8.016841494521154,-11.974856093623755,-15.608515354024842,-18.80360954253444,-21.43046274698827,-23.367677161023472,-24.56613506102518,-25.10601444906094,-25.201902630175944,-25.14255460076991,-25.188637390363322,-25.478519673454016,-25.9896647715699,-26.556197079439553,-26.95039215555054,-26.969802710751615,-26.485914015089413,-25.46152043591949,-23.934461970167977,-21.99291666033978,-19.762900152145587,-17.411118393559136,-15.14752131148612,-13.20104219,-11.756282027585698,-10.873078111134273,-10.435787037342713,-10.179047828180508,-9.782953328517781,-8.999406409362123,-7.764239511735808,-6.195889503396837,-4.516961640870962,-2.9408478459902896,-1.5726481830551966,-0.3826546419228766,0.7404661461500508,1.8956932155584474,3.098823055448603,4.27926132027016,5.338767494726952,6.222653416274771,6.948665203239311,7.571122536931312,8.108976765695164,8.496002502518602,8.606184772471444,8.337524931236807,7.682643251255417,6.7366803536483655,5.623040335564321,4.402323412835529,3.052660818900958,1.5590703676771205,0.05768337193790217,-1.085354616541668,-1.358209230397609,-0.3399796339081457,2.031549383084459,5.3274995796767515,8.718087653164101,11.21266226069926,12.031850554717606,10.874088197017098,7.988339579608563,4.144918152985203,0.42931855214159637,-2.0854252366390282,-2.6870617805851467,-1.2585920962862172,1.7199553620888632,5.409935349618782,8.974843365700814,11.87981989
15kg_10bpm,5AB,-0.92120495,4.469111722075425,11.421031532032304,18.440739595997105,24.316953245457825,28.358660503588347,30.42824152707557,30.819439191259757,30.064486811916304,28.739002860581458,27.304385228891686,26.020884270971067,24.925515458148894,23.87442038510985,22.65389961570691,21.090287230465325,19.128154621719275,16.857061147366903,14.475116508421689,12.211579785200206,10.23880224291812,8.603776997692323,7.202026460195824,5.8028422767078185,4.120153723531774,1.9078843341675067,-0.9522759874837261,-4.401026065063528,-8.212581568740621,-12.066926925776226,-15.645157285295301,-18.727712450829276,-21.247934011833326,-23.25627268180383,-24.855493631829557,-26.144263725689296,-27.182522988223894,-27.983034748508643,-28.515094657262022,-28.713225974475407,-28.497738286330584,-27.813482692954327,-26.676699339807236,-25.203558744634307,-23.595869965856956,-22.081691531136958,-20.83379193797801,-19.907129356869813,-19.228463192994088,-18.631713758582176,-17.93223702,-16.997959053494508,-15.769470218742926,-14.246991746961186,-12.462151123998451,-10.455581899505704,-8.277082472157561,-6.003817265065101,-3.756962989339476,-1.6958919183015828,0.017629309210126527,1.2733016219436715,2.0598714890687972,2.4840986746349776,2.7499278844740944,3.095675276119132,3.7065215539548553,4.633901623861191,5.749114339258357,6.794603927316547,7.5144605803986355,7.77895538940379,7.652845303390992,7.3594580924330355,7.163514417914392,7.244718566791313,7.624176825162084,8.164786921405156,8.625009368097487,8.735114272473322,8.27773524817453,7.161833446120351,5.4724047405457865,3.4676386326323576,1.5003520643022443,-0.10903120766357398,-1.197519609063116,-1.8184209032084098,-2.1460769468126104,-2.301913245235896,-2.2200625009961055,-1.6351901378153286,-0.22566309105098242,2.158694491603236,5.3104620031272525,8.637331478850728,11.33537630635064,12.702565108464775,12.454158343571486,10.883607016260585,7.02190725
15kg_10bpm,6AB,4.88862848,9.4666379406373,14.501011847863982,19.277910639258746,23.37933644725592,26.668819741779842,29.177848869878012,30.97111631054828,32.05785574679921,32.386730530130706,31.866501035707337,30.487520353814197,28.348014566849578,25.63254190747226,22.602274772928848,19.544260659440976,16.723816314013693,14.34361992351759,12.515397474684487,11.238818350731698,10.397428563882471,9.747785783058914,8.95923975673609,7.7032231112034175,5.730653628148048,2.94452243,-0.5696807714604334,-4.569675250701965,-8.72683506020069,-12.71331286946282,-16.27540763813916,-19.245437642075046,-21.57786128291317,-23.282181596363976,-24.387265078793074,-24.94429066542473,-25.03937272180165,-24.811826500589344,-24.451368423978714,-24.163812206961722,-24.111915589886106,-24.364126761107688,-24.849978606981402,-25.37598164345894,-25.698857086409053,-25.590779218157092,-24.90657544789014,-23.626070721882545,-21.857185402503994,-19.79799537369746,-17.67038747,-15.650096424225374,-13.827104932163246,-12.18504945055873,-10.660866805195921,-9.198030851671785,-7.786259264219961,-6.469087560998435,-5.316193703545437,-4.374557010419916,-3.623867009820963,-2.96105909991013,-2.2279425669529,-1.2831778235621953,-0.0959037010709268,1.2316800450301864,2.489492264521362,3.4519120713380302,3.9891787555979175,4.140915402708493,4.106718357125135,4.152751190640494,4.482326685563939,5.135468414339376,5.948608176982146,6.66600642,7.041009292261633,6.924530694011633,6.297005708005075,5.246123902909189,3.9180646068240614,2.4739034964416224,1.0687951721507136,-0.14063822319413696,-1.0032334337333075,-1.380660123594056,-1.1481928991836026,-0.2168675562434018,1.4546251912737547,3.8398130891263746,6.8118172520959215,10.097184418401445,13.236093934271146,15.575668328797576,16.350857266360638,15.036676342396087,11.513674406588416,6.320807835426936,0.6505962015960514,-3.911642039485047,-5.88103697
15kg_10bpm,7AB,4.85746856,4.834948515269887,7.2637856911453085,11.851229160260031,17.76495435973301,23.936886222070562,29.31797404053009,33.11349799494699,34.93013219411729,34.7935017808833,33.06575786468852,30.302349192739616,27.101826392210423,23.990798458154785,21.35878758055094,19.434097616066744,18.277828201069024,17.779812899482284,17.66882534644112,17.538563659656397,16.915210320262666,15.399825715241976,12.773819332101242,9.058237109186054,4.5148890101197185,-0.4398955280290285,-5.355568828241923,-9.849834306518092,-13.661914054105573,-16.657965528458433,-18.816116828592364,-20.213771474174635,-21.017149698507005,-21.458487672362676,-21.787467003112255,-22.206480704016986,-22.82342349098651,-23.63149465707585,-24.537608714430206,-25.41774421372851,-26.15276729088022,-26.645352122525846,-26.819583284147505,-26.616899959335797,-26.001831234401248,-24.977590839301342,-23.601390608154954,-21.98636083273096,-20.281852707311554,-18.634638409606698,-17.14386963675936,-15.827771623499956,-14.621770927184407,-13.408589187851177,-12.077236121444702,-10.592055763513098,-9.019043268341743,-7.505782878445119,-6.212717597906749,-5.223359885962087,-4.485116100469773,-3.818837374102632,-3.0000045617544537,-1.868417502442835,-0.4039431870066277,1.2722517127074209,2.962735626310641,4.47798814614928,5.693826006082168,6.560935781109098,7.087987183486015,7.335567822995685,7.4067256731608175,7.427388203003865,7.513174456223647,7.713691573554622,7.967523352931141,8.10338045736471,7.899773419536702,7.181804657242042,5.907821786896419,4.2017908896990885,2.31578718791177,0.546136735445986,-0.8499536984623494,-1.6985334772891876,-1.8943155687621531,-1.3568803787376706,-0.025020633365144304,2.1045261059033646,4.902656427616712,8.007862151046393,10.800737422393988,12.519567159791576,12.509762203456859,10.537104975898822,7.0263751502273095,3.0851786111905697,0.23859408860859468,-0.0861122093680427,0.0
15kg_10bpm,8AB,9.75949331,11.647684678888911,14.90684067694186,19.13869943053505,23.813773280779234,28.266290272396958,31.79663104533383,33.817585752426574,34.010143665615075,32.42171728007401,29.47295696060038,25.835150524068357,22.289151843461454,19.428633484698047,17.573884398766282,16.731784603921113,16.63694717475704,16.854549285743314,16.9078722159756,16.397812119027932,15.047074744109644,12.80630622500468,9.791916364878531,6.23622703830692,2.446967114987741,-1.25499656385914,-4.602621559583909,-7.441299566121118,-9.763852323528802,-11.690619633001235,-13.44623568355156,-15.24576741198728,-17.216781940351744,-19.357160212174595,-21.533756630341976,-23.529250961924095,-25.119675921204642,-26.15392134022664,-26.58876723995943,-26.509602051729818,-26.092185677369308,-25.506911049832613,-24.8907751078626,-24.321786295094867,-23.818986193151,-23.356687701806678,-22.88298457681399,-22.33441301027131,-21.642647839289364,-20.75650460696944,-19.635823812273323,-18.263142775230374,-16.649099968931502,-14.838281354428108,-12.91030452866011,-10.973310078446293,-9.148045624480455,-7.551811298072294,-6.240223481345426,-5.2021171310082694,-4.3460935691049825,-3.5220551247966,-2.572334195135052,-1.4006362627038866,-0.028654418020069076,1.3896892144195487,2.5996001405777975,3.3634073129290423,3.5546345947853006,3.198658385810268,2.4571211737162435,1.5630297131503244,0.7447389550562357,0.18031247255005872,-0.0018905642013157865,0.3371015073340773,1.340251947225837,3.135698104175209,5.747005120422323,8.954161532897722,12.214157537148518,14.707109224941172,15.543293098660707,14.103655391488854,10.303033299418466,4.914057458044888,-0.684878682495285,-5.012755859506162,-6.943677982329743,-6.072440019621879,-2.7819024167413375,2.007963361465316,7.274090907190157,12.285944986219377,16.77908973879824,20.833172026412775,24.452990181507126,27.292083365348013,28.60344717447018,27.490190811056,23.33934719
15kg_10bpm,10AB,5.27115451,7.488216286429593,10.86318581958179,15.248505014962749,20.274798392097974,25.375229081334563,29.85630881128995,33.121230016620565,34.775378571453714,34.73781920064365,33.2386339117557,30.737264147273798,27.78038458670532,24.852600454782,22.26799406973951,20.129095833099075,18.36862219239817,16.821504090097648,15.32701399169263,13.799385882749865,12.217651988748733,10.58029566716138,8.85318837047652,6.951472512511202,4.769270490269577,2.2351094061873154,-0.6425367543172711,-3.7698271484900734,-6.989528013220741,-10.12687222987531,-13.042930889720262,-15.652793826539817,-17.933152342175458,-19.90907267177778,-21.6273442257817,-23.12512123089459,-24.4080664412704,-25.4491417630658,-26.20870558859366,-26.65398805802902,-26.79981479096215,-26.689414632145564,-26.371721840073352,-25.884467783047633,-25.242964431006325,-24.445500413372873,-23.4873753185946,-22.375382783068254,-21.13594875858624,-19.815455179458365,-18.47235716339442,-17.167909098060004,-15.948004445443528,-14.838562636919121,-13.841166814041857,-12.933677988684034,-12.07061345417388,-11.184218052803192,-10.191497111564027,-9.013340305569251,-7.605898273112605,-5.981908195125242,-4.222561508657724,-2.445458816592664,-0.7542943344046941,0.7798470832513219,2.11023294249453,3.186513176062243,3.939699215426271,4.307061598699496,4.291726784911631,4.018699330237976,3.7304832793950533,3.7154091788239287,4.138064015063223,4.955441329974561,5.919204501955734,6.679097297936231,6.9369110515732615,6.572435250364499,5.683960562806395,4.532581711775059,3.4275733122192737,2.609126711603743,2.1902621477334496,2.1272755497749123,2.3111497788296544,2.6549453105524505,3.1595777304414265,3.936833267084116,5.163000963568925,6.966667190210902,9.283870473632891,11.747922825569848,13.700034692776264,14.32349576889225,13.05310499735394,9.965531822748208,5.8650338543930225,7.637885375628615e-06,0.0
15kg_10bpm,11AB,-3.87007354,-0.5319765562863488,5.060155464423543,11.609132940635831,17.95969517737546,23.349825244332365,27.408610495545418,30.01006584255315,31.161325662263955,30.90815192718318,29.355943617698106,26.76551376902295,23.580321747621863,20.36577685298373,17.67934988318529,15.92364601828241,15.245490557928205,15.514222090783381,16.378813246988546,17.37495083611523,18.046945730000004,18.04761705175926,17.174406049849622,15.387891595054858,12.768652366789178,9.43888788278837,5.5484590224786245,1.2799208419135375,-3.142000796304821,-7.450072393159975,-11.36246726133151,-14.640042955344052,-17.156605113282286,-18.94875724021637,-20.209130846325046,-21.212355236140787,-22.195558362947786,-23.255530001635748,-24.30803280730083,-25.14518748488309,-25.56049625,-25.448616559859094,-24.85824032614179,-23.96576163752753,-22.99596542528182,-22.132094474825333,-21.454483846233494,-20.928898150319917,-20.439911044361637,-19.847825838141674,-19.043525469752588,-17.984614785495644,-16.701363131854723,-15.28219861970137,-13.844769826285344,-12.487586542920832,-11.261323244722963,-10.158437726698256,-9.127089974105024,-8.105227098415375,-7.05528818,-5.9806583253463685,-4.915692223329328,-3.8984008932754017,-2.944310495719021,-2.0356996118310815,-1.1284072190852188,-0.1714557885153692,0.8683336622500899,1.9749442455690236,3.062981036018565,3.9894940353697543,4.592728276556757,4.759936537345747,4.491286563737116,3.932628662102812,3.3621985880332654,3.1324999378401013,3.5782280643605553,4.9016856689575325,7.057347360000028,9.6721459719049,12.064775144688195,13.392148340494842,12.909391071512603,10.371394047675176,6.182189502901523,1.2941274892307433,-3.0742742111136803,-5.870930522238008,-6.545300503646608,-5.147099070995854,-2.165571424364517,1.772736247969974,6.169004895704229,10.74811775297651,15.365803340768824,19.821610301852598,23.717319513883396,26.435564667663726,27.3275506
15kg_10bpm,12AB,0.0,9.947794867796613,13.479561008595857,17.28568614538303,21.120492355785156,24.645220486936424,27.440170843484495,29.098423587897194,29.369863188477247,28.27239113911234,26.10814489732684,23.37461401602753,20.619288763507562,18.305572175749038,16.724513093906438,15.948269692597606,15.81650838028002,15.967360181362245,15.934791650836699,15.302558378418397,13.840350080164592,11.559471289290522,8.66245134280122,5.395102969807514,1.9334824088611267,-1.6234203749462823,-5.191828129965293,-8.636600809302216,-11.758023284318869,-14.340893592166221,-16.2287497721872,-17.377458963997725,-17.867232481807182,-17.88037407323712,-17.662916763518236,-17.483723163796757,-17.5940950878714,-18.18321904735306,-19.33286202702674,-20.979815760700514,-22.891084007475804,-24.69928544052916,-25.996799492487042,-26.433091732308615,-25.81029621951402,-24.14826006887288,-21.692850268184035,-18.864788364021138,-16.152750664846405,-13.97631372179069,-12.567435430000002,-11.919227211090227,-11.823235857821722,-11.973016930704626,-12.078572804232657,-11.93776581609456,-11.442870186754131,-10.543330507413904,-9.218838528689306,-7.495657242140565,-5.472309774371451,-3.316740719396186,-1.2310505455412577,0.6072717971432803,2.0902237776025068,3.18612302146024,3.920114186417776,4.354484021633586,4.584612452560606,4.741089629142025,4.972112916442968,5.391505743587139,6.010692370968273,6.69982440617203,7.221058191820001,7.333471987810014,6.911868456511349,6.023206552560109,4.898830935500546,3.813264422713843,2.981648644257222,2.519692006333502,2.464857069317601,2.818431262841705,3.551878940053184,4.563860330093739,5.631303994674179,6.423650738854507,6.6168609821843685,6.066029995444669,4.928922602291573,3.641877395153564,2.737053183972444,2.6007712079773286,3.3331050569116147,4.777525059576744,6.67954594093573,8.86037146420084,11.244970876372491,13.746788652027364,11.28906738
15kg_10bpm,13AB,10.96260284,12.260630190267376,12.099338192951791,11.71161921044885,12.439805120878518,15.019128250008247,19.20101134583334,23.911912624703493,27.841186499942314,30.055712032098242,30.327342742277434,29.08524645420458,27.074522561747266,24.949780022434705,23.034752408114937,21.33199468291929,19.702060247681242,18.051826050413066,16.40504844840702,14.83612270172404,13.349855532764108,11.819071936071913,10.036881557902106,7.847847832497551,5.262394425421153,2.4735820715525603,-0.23305264402611342,-2.615696817110549,-4.576665399564358,-6.182804742271506,-7.620605227868878,-9.126309694364114,-10.913065916050952,-13.105510899716244,-15.69533084231424,-18.526208874550846,-21.31642598028189,-23.727835354644522,-25.46766521417635,-26.382435706236205,-26.50249737010293,-26.019401005077793,-25.210038956714996,-24.343214849812586,-23.6058794642129,-23.071085218937395,-22.710043374748388,-22.434923934610026,-22.14940459362523,-21.782851670785185,-21.294726681282555,-20.65498811392751,-19.821649658724166,-18.73730914767589,-17.35150436207871,-15.656828218300742,-13.71848153446022,-11.679636652714429,-9.72655505990244,-8.015827217686757,-6.595514566837778,-5.3616987147510855,-4.086659009360129,-2.53323457155219,-0.6076190216499437,1.5492416955796589,3.6090785505414282,5.225319715048558,6.212941482793566,6.61959108110803,6.655189515084846,6.550224385362879,6.444872367655657,6.361888542463929,6.2469743888895914,6.03036132729818,5.6788977981719055,5.234333965377801,4.838451681309914,4.728177831831082,5.171674263411462,6.335203840466701,8.111181911840182,9.997356026740292,11.162484163274202,10.747007132536313,8.271721079260717,3.955281998344102,-1.2389594913427113,-5.9037168571696315,-8.691934282584349,-8.750046641322925,-5.886876405047819,-0.4860817666925923,6.6775019375060625,14.564543148392982,21.929279569296455,27.426439543436263,29.87396658669806,28.628140715966857,0.0
15kg_16bpm,1AB,4.64721302,10.47070946941289,16.298745837879867,21.5603426929211,25.997882961587102,29.57589428908101,32.498309197532976,34.837881463464825,36.513775677284166,37.41257603957161,37.428723828995835,36.49047662369977,34.63051311356722,32.11378378489256,29.161801463508773,25.989019664602985,22.796636254068037,19.705230680322824,16.823225618519086,14.289873242518894,12.21137760537596,10.691503920253894,9.830280293422444,9.49144692915811,9.44417943905007,9.35282043,8.77338134243526,7.386510869624851,4.980048976035845,1.3762662450896062,-3.2138701360770523,-8.531962505838221,-14.231475275941033,-19.829183393692272,-24.88569725297242,-29.04596702963265,-31.931572411549713,-33.59046753244326,-34.15362235963555,-33.84809639896742,-33.039459184639966,-32.058029832431146,-31.107992307555364,-30.306194588025868,-29.62488993785058,-28.989172454499823,-28.299508324748697,-27.47207653051483,-26.486678362477456,-25.36543340164609,-24.171995559999992,-22.998839704855015,-21.906839229627856,-20.927920945144542,-20.03019715322115,-19.138844235468355,-18.16585692274366,-17.00749129116429,-15.63804436608842,-14.073990650726163,-12.384699964114764,-10.704926507108844,-9.158455453534026,-7.841019756118893,-6.811099588233943,-6.000618168890805,-5.313214155299022,-4.606329877385939,-3.725078134494313,-2.5689259863724243,-1.081500756957506,0.7240961079143449,2.7010626289890087,4.68297992778876,6.45901315876887,7.8929537600000135,8.980125101579567,9.826550409934457,10.669499959462634,11.728409933040128,13.08577822704863,14.617337490698823,15.884660293439511,16.358109147800104,15.468251198013355,12.817695279279892,8.648451653665257,3.506988809639838,-1.592961480948539,-5.397755414837178,-6.914535808222349,-5.326331450332288,-0.3687250325952165,7.310541273702182,16.826931083062217,6.971948183049922,-2.1313494837085355e-09,3.1941305819077084e-19,-3.993242923106705e-29,3.50771780285718e-39,0.0
15kg_16bpm,2AB,1.34285779,5.3513861790136374,10.967115279632344,18.80281012300959,27.907560533254937,36.81868694687538,44.41642455396723,49.74772721470646,52.63041038682274,52.68154984007061,50.68309015999999,46.94182679600209,42.29200490517091,37.28160351374275,32.41103097619464,27.915548011855215,23.94553852003751,20.354836074945908,17.03613704911857,13.788653049621391,10.495918199999991,7.108759587605668,3.6679497585867153,0.2744730576407848,-2.978791771324399,-5.989517075162167,-8.76695858136686,-11.33987886832688,-13.794307731522007,-16.213401179894152,-18.653053970000002,-21.112888069649397,-23.541901570438526,-25.856044717090562,-27.953179535601294,-29.74498553765753,-31.202037290045176,-32.26939340857238,-33.01707462599894,-33.42798627226438,-33.5830688,-33.49465771462053,-33.188809572399826,-32.68574956930636,-31.97169319064722,-31.084423189385692,-30.01788933237987,-28.83378954676719,-27.57114265899886,-26.287715636627542,-25.02397052,-23.809225485817045,-22.64073277115141,-21.514604907802088,-20.408757901816283,-19.31147984306074,-18.211743937419413,-17.09991160474094,-15.954254483803416,-14.75108044151069,-13.43087551,-11.964534398557072,-10.301536242394505,-8.43615594385326,-6.394324135997092,-4.229379520289218,-2.033692060225057,0.0909754759795708,2.078080713544498,3.8693785166913166,5.468929130000016,6.906675354285833,8.219260192593921,9.452102951435162,10.600781497684437,11.65880159504006,12.573589310411283,13.296730318342501,13.775889983076581,13.926245189936099,13.715467729999993,12.967574246213816,11.67550829477983,9.716445004213211,7.168324414628297,4.202613112537673,1.193055287088905,-1.407351946108373,-2.853272181435939,-2.8112062607669457,-0.7230382999999688,3.372622571470153,1.5015402023902673,-3.9722872627187864e-10,8.319522696677507e-19,1.4042757133208976e-27,8.543758794922281e-37,-5.061274264176927e-46,-1.5663954919638463e-54,-1.3467069420746644e-63,0.0
15kg_16bpm,3AB,9.64108222,14.029608113340188,19.358456417091208,25.08438169713843,30.7248566980175,35.749157488511045,39.85996822165779,42.46971528994328,43.61735419796897,42.98203494668128,40.89435179310489,37.54912014676156,33.469967999077326,29.14511496851342,25.08411854798029,21.59125372375125,18.94439226681063,17.011427365674557,15.750817983489847,14.795811626331162,13.890783117462215,12.76846530856843,11.239355928980498,9.214557024823375,6.706492890604772,3.76334774,0.5377082887648867,-2.8492704141688576,-6.236461030165069,-9.486133803658609,-12.534818177911541,-15.322091301558364,-17.87123587838953,-20.20459582266139,-22.353070460471386,-24.33286339513539,-26.10061991153352,-27.63609415717578,-28.826561677002697,-29.692550988720612,-30.168141316241172,-30.33316846775759,-30.216025679533,-29.89546510542027,-29.418223322496605,-28.813105851638916,-28.104143975252768,-27.298046623955173,-26.436181402033203,-25.565953831386146,-24.75010618,-24.058475711156767,-23.512038463998586,-23.11056550674697,-22.789274829383658,-22.454837166970716,-21.976858697310632,-21.26470946130954,-20.18285967308396,-18.748801202943493,-16.8949800838542,-14.736785398005182,-12.325025029727172,-9.795401655886561,-7.261805099612494,-4.847776000288341,-2.636163865514275,-0.7120044423123079,0.931776495489893,2.2492731303723903,3.3243324476263543,4.165203808107777,4.866637583114417,5.483190431426735,6.0854003351365105,6.71327442,7.370708941659852,8.013133547000763,8.53302484278812,8.838986864272602,8.762565261660026,8.319950049922454,7.491759916702429,6.460229549485226,5.426044860300811,4.654537850842701,4.364643453095463,4.766519672193312,5.893806755189345,7.885864859906279,10.600777713287973,14.130444039569403,18.23211817350685,22.763103668170096,27.314752529005034,31.37824533632821,34.28661667323149,35.48280297290977,34.32550778879417,31.133237336160146,0.0
15kg_16bpm,4AB,-2.54353505,-0.626824782668243,3.4865423955024673,9.135910640750977,15.621104680942707,22.289398266818708,28.575065841241823,33.978868166097556,38.23690538317236,41.164591590111705,42.579981900845965,42.66266084584403,41.323123559330995,38.96615497444765,35.81662538665789,32.258641501623174,28.64678357907622,25.335488215123224,22.486063529560653,20.231711484748672,18.492863247816274,17.11146987721802,15.875455312498676,14.562774820002277,12.970640385350963,11.009696799673637,8.611706999832435,5.738091565904554,2.4292101293818176,-1.3827913614577396,-5.584792775353342,-10.120510938448245,-14.800643701186415,-19.40492065564794,-23.6167588865826,-27.25868020917503,-30.082044669199597,-32.082321385629285,-33.295338262312704,-33.81923461830548,-33.884076625082095,-33.607633606976556,-33.17794841527518,-32.672021842844394,-32.13322543175809,-31.561845105500513,-30.923234764704684,-30.202152234629793,-29.379455305012492,-28.472254061481557,-27.50480135,-26.49335820777602,-25.43945282563105,-24.297816540209382,-23.01685961587132,-21.532174319924362,-19.799939588766264,-17.855161000972558,-15.744986200166327,-13.616517148827755,-11.61389874747601,-9.883001821353185,-8.496409160804507,-7.519399252556382,-6.835325031876905,-6.336785634745149,-5.81804973479889,-5.107030436340698,-4.045370466254978,-2.627007943615379,-0.8497139622606623,1.1018834802055024,3.0742850529311077,4.9017980493753255,6.521672171735769,7.924269418335625,9.247351913394175,10.630090907447556,12.179537049086077,13.879938636586528,15.534256256889197,16.824833094303663,17.207641460839596,16.36520690246698,14.021044732177899,10.23167493868771,5.523503430416653,0.6480192474323544,-3.393699818923149,-5.542617217686346,-5.035350309073367,-1.661232747947613,4.708955698762207,11.740231483461136,-1.7183430730893096e-05,-2.400231981397197e-14,-2.4064220683192924e-23,-1.9715222852375172e-32,-1.3224868404359404e-41,-6.295439326801534e-51,0.0
15kg_16bpm,5AB,14.32870933,18.559510361376905,22.412278171911403,25.844424393354487,28.874959225885917,31.65158478322415,34.16115356131471,36.381725721761136,38.057371341010295,39.06110189037855,39.13639061223956,38.30999864009741,36.61701495575244,34.30832078692895,31.65594215198213,28.957274927551175,26.42181904829762,24.193750369053188,22.239129022382155,20.488730012742522,18.758827115803523,16.850874427877212,14.654656974173912,12.041608058687041,9.061109025405385,5.7546165,2.257013758785948,-1.326191076663392,-4.90820331298734,-8.456889519013368,-11.974359798394897,-15.476992016162779,-18.95169513676436,-22.351939649265958,-25.532880135631956,-28.398253773823548,-30.726184438226973,-32.48532039188629,-33.56185203014669,-34.03778770828324,-33.96697836951261,-33.48981297625603,-32.72816794808956,-31.786404624513622,-30.746570606212984,-29.650714373956728,-28.53036335673469,-27.40498614198863,-26.298578429724017,-25.25615433669343,-24.30952033,-23.516617261113982,-22.883872687524633,-22.413449613096574,-22.04546419379143,-21.70232269947859,-21.282569057688036,-20.711954780291954,-19.926199801398568,-18.938020968622926,-17.744585226682048,-16.409303605886546,-14.928335813542043,-13.328060357627919,-11.561739692443346,-9.626808093960452,-7.498921145219914,-5.225319983653017,-2.870391529442252,-0.5370474777220373,1.6884034767153504,3.738654149625243,5.61714419589622,7.341504604668,8.974288113279771,10.52174694,11.963148840741763,13.140880983348811,13.921120222438196,14.040679781821096,13.422500650456586,11.997572853965957,9.963632529385444,7.624897991397679,5.4406824624707895,3.813612615930729,3.1503249388780428,3.4836945124194605,4.889870100231704,-0.012860872266554038,1.5430284452363367e-10,-1.9385481554997191e-19,-1.6292622109230655e-28,7.2156874224834875e-37,-6.078266403447128e-46,-1.1325072166421256e-54,3.176795094667454e-63,-1.383642733136735e-72,-6.515628414052425e-81,1.3117373218693524e-89,0.0
15kg_16bpm,6AB,9.03171717,15.637950714737164,22.95742937274157,30.096365623964857,36.149692060438106,40.640727317933795,43.3314505097899,44.06992758888872,43.343939400723855,41.4365466339586,38.83698825408352,35.93183397882766,32.957774305316065,30.024118738042638,27.112782411302437,24.13292167088576,21.013909486825035,17.712783521014703,14.281949807642476,10.826331805584319,7.502530946533616,4.419390492715566,1.649093098784978,-0.8040220499250541,-3.0502171308816184,-5.19789189308989,-7.374832334971188,-9.63601215409449,-11.977667266507254,-14.300553702198679,-16.485462417094226,-18.401134562250164,-20.01501706168008,-21.310598632861588,-22.397536618260062,-23.391392911553815,-24.413136284372627,-25.52442483565713,-26.726796564371927,-27.938656071488154,-29.04533706776718,-29.88900092319935,-30.382476275595636,-30.48637717217343,-30.171178068499362,-29.55180153866229,-28.693312510193195,-27.697595763609648,-26.64517058987457,-25.586242119056852,-24.54232845,-23.50279716281562,-22.42330693091189,-21.25633778093565,-19.94945095483423,-18.494533801956578,-16.94087857854355,-15.385749103901196,-13.963580153772158,-12.790723839373822,-11.959665320580232,-11.415290279979905,-11.065704767099312,-10.699810108522566,-10.122376587145869,-9.070635330193804,-7.476272179778534,-5.283086144902225,-2.5466017617810146,0.524806964357224,3.721773706151542,6.763135021796773,9.444149686068629,11.508418510562993,12.963660751050023,13.808445594608495,14.189252599133779,14.348920161633671,14.50684071427324,14.824723720321812,15.30341342704792,15.741758534416835,15.770665525557888,14.90197000785831,12.66942312709009,9.011655127928847,3.9688343210142527,-1.6215475845724654,-6.774177701984795,-9.928748774222973,-10.102879094891398,-6.2093148877931155,1.912823812076728,13.36273639292261,26.963935160630417,40.3385895866646,51.49732758835708,0.0006535376460539168,3.9803229980698387e-13,1.4229900008787658e-22,0.0
15kg_16bpm,7AB,5.1211803,11.595632616115399,18.93045101474392,26.103751000961957,32.41237716150954,37.2153469154817,40.370102081158954,41.619747373651016,41.19321745804023,39.40049400828025,36.50969194752145,33.113619578948736,29.594310003127966,26.340077644676285,23.53302354602879,21.31658732115739,19.572639135500307,18.168305316015413,16.92453619924105,15.658861792024991,14.248346079757082,12.634232486882745,10.827734072013897,8.82704785612731,6.672229738961241,4.334537748134809,1.7281690517011725,-1.2134873657059326,-4.611163658837177,-8.454507252903484,-12.649489816240344,-17.01636123487225,-21.25967223777929,-25.09081238528224,-28.2444671612009,-30.6536596704792,-32.20581875366969,-33.07936801992094,-33.40464184580937,-33.30674318336403,-32.953231048033224,-32.404175059668226,-31.712176981561555,-30.904680144429932,-29.974116812474474,-28.940802399568753,-27.802388321544242,-26.55690938050082,-25.219012335656384,-23.7915233796269,-22.303040662046822,-20.78346232169917,-19.26747348742775,-17.77958591984919,-16.329429947148224,-14.903728940357942,-13.477052781808387,-12.024404965421038,-10.548468971280613,-9.078787268279473,-7.684689176555313,-6.42253121423897,-5.349298847284067,-4.459630390982394,-3.693922796181743,-2.964355138612055,-2.162680857819492,-1.2151651800150025,-0.09191604307754946,1.1486786516611116,2.4178445646292874,3.5918068450063925,4.593322200066523,5.371585433785634,6.02316538054483,6.6788011326352,7.532420129845304,8.692699000847794,10.221537601173464,11.916592377989208,13.473636773444492,14.3637667995439,14.2222101884879,12.640092080178954,9.601645336585435,5.459046315332567,0.7500589581033693,-3.601268610532797,-6.753852763680461,-7.830374823283772,-6.613973177445497,-2.809844042600865,3.0623459337478645,0.2509498883351324,6.007545136144863e-11,-1.1661322595508927e-20,-2.7052175073456395e-29,-2.1335329440662064e-38,-1.1540816832507195e-47,-3.9671638622444284e-57,0.0
15kg_16bpm,8AB,10.49359024,17.838689845793308,25.671061932038217,32.98220927884579,39.12760388797055,43.32073410599047,45.58503168505694,45.80410408919323,44.320034478864464,41.56604577821997,37.98431598990916,34.09649871444831,30.30312904618418,26.8667406180721,23.98915467085216,21.66623978288718,19.832711424619152,18.326476646718547,16.928581315058995,15.396583382931622,13.566582611697863,11.247890032499782,8.448678273929245,5.186274103367543,1.599233506016919,-2.1446613600000006,-5.876505812991312,-9.483043758311586,-12.858285684377234,-16.0132228045615,-18.926729857225762,-21.614648354056904,-24.06684092795105,-26.23632375900389,-28.112904018308697,-29.59473695922181,-30.71963591969105,-31.430482574625877,-31.786106517055888,-31.81510543623586,-31.585034120424346,-31.185342740439413,-30.694211565143856,-30.20190370602268,-29.780766923021954,-29.453653348048018,-29.21593868497168,-28.99920428565102,-28.705624233094078,-28.18577242206815,-27.351449729999995,-26.0289021648569,-24.255513416405787,-22.00050753693847,-19.398506506062898,-16.58884377084825,-13.765742391416243,-11.092671058183656,-8.763114802362985,-6.813121432915838,-5.3433491137267595,-4.276264293060523,-3.570371491155677,-3.1095385853067663,-2.770942507629329,-2.429958350477046,-1.9966582755108457,-1.3887793606224363,-0.6334952558216962,0.22808037359032157,1.0924664846216436,1.8702194289850689,2.4972844126410036,3.0001770935958567,3.4576972054646378,4.004217369999992,4.789618614658244,5.8657458243867255,7.21581579829803,8.677390436954848,10.012440491850732,10.857837019828175,11.022768938931703,10.176604953263318,8.43656432599701,5.89689284128399,2.986158128868138,0.22308853808803547,-1.654027055348522,-2.1433708998845704,-0.29220431960853793,3.904232907343185,10.842920430668663,19.98189862691058,30.60200279498675,25.629745347995613,2.6769647621373077e-06,7.840534162599937e-16,-2.842792758381086e-24,-3.5721997705097957e-33,0.0
15kg_16bpm,9AB,3.60219593,7.95032304906236,14.363233682498553,22.140968208846914,30.07484893302562,37.18230539210688,42.90412164048622,46.666002625980646,48.5162654543059,48.47428641085641,46.87579446016696,44.066303609284176,40.379611667937716,36.169984005196376,31.67792093478096,27.13826020908987,22.752050308919944,18.631080655398467,14.956294187318354,11.723742785282328,8.993033251236632,6.6530668075854145,4.604254430012198,2.676431871585658,0.7286760554627303,-1.356541648333876,-3.617610589834523,-6.069942814017283,-8.658803649180976,-11.36934230207179,-14.16766960782773,-17.09136625784239,-20.15005783227487,-23.373978834746246,-26.70384203251608,-30.025069535018616,-33.129261011648595,-35.78280915938178,-37.714243651991254,-38.8047565519648,-38.89867176782946,-38.16837459767023,-36.66163719468016,-34.73917798269978,-32.6109323160492,-30.5393386591476,-28.698571456761837,-27.137450292423843,-25.856106241140008,-24.758104624033926,-23.739748819999996,-22.696299532885273,-21.57028237186753,-20.33291466609914,-19.01105704001293,-17.626497942836554,-16.21749034379917,-14.798613668591965,-13.378199274749324,-11.95992810082152,-10.55263162801703,-9.173220861044888,-7.838204653395114,-6.555419894531295,-5.316398906578943,-4.097388342190862,-2.87248523105008,-1.6313562951362681,-0.3837154497336206,0.8438328787846054,2.016594476036421,3.141935806757091,4.254495476359233,5.433634512418381,6.776350574328552,8.342233732467914,10.130581007466557,12.03398549538675,13.8567394292669,15.283545720894914,16.08156318969659,15.848732162471032,14.613856975309087,12.164834193204513,8.892698941626074,5.05767954386205,1.2470580171302343,-1.9277016273969234,-3.865816294799223,-4.040343016567562,-2.0660231222969996,0.29742609416055993,4.8426529907388647e-11,5.04915990123313e-19,-7.526014818809662e-28,-4.648888330918122e-37,2.3776160656285885e-45,-1.725983205907634e-54,-4.1081852659138574e-63,9.263875026358933e-72,0.0
15kg_16bpm,10AB,10.10566053,13.409649885231765,18.699880050327025,25.06871179892326,31.914461512496867,38.42924198306009,43.92205434856324,47.97453417798653,50.288840839409076,50.867990576890534,49.88527298428825,47.583192847831334,44.35022587755058,40.46332242539694,36.26283120162622,31.980427701477723,27.80994564364565,23.945089512575084,20.410967826961468,17.283853375483037,14.430980753210964,11.728060488140958,8.952052694704598,5.882253474666981,2.351871943570624,-1.728973436806526,-6.331888775873764,-11.3011008996406,-16.39622870195815,-21.336651371608134,-25.77109509957263,-29.537204368567046,-32.30719850245801,-34.196627347836134,-35.062809720636,-35.229642094692636,-34.82677016246986,-34.19897771733386,-33.592442180303856,-33.21381205946877,-33.1730805686826,-33.44814465061066,-33.930037111369785,-34.44545977991407,-34.83666087204774,-34.96192194720511,-34.80300810397208,-34.3327295518816,-33.6415482497427,-32.724884167413606,-31.62651880292709,-30.2623777704834,-28.614144891806465,-26.59879362806667,-24.268460657228182,-21.69200188448659,-19.0413131682972,-16.480337109156004,-14.144156387197219,-12.061764157407735,-10.176539915822111,-8.348558796387472,-6.421892897307182,-4.322409348783326,-2.018489310786964,0.366366204562783,2.6546943909079546,4.676156745360459,6.197659044612029,7.1764086308254615,7.534587014228486,7.396398415591342,6.886559182568313,6.223930619961036,5.603666081880714,5.210765228943487,5.138061337886454,5.451690216566271,6.084340840006074,6.975036539043043,7.96196704756727,8.877651179247444,9.580708076015108,9.859417325128069,9.67536094398652,8.914844103965303,7.687174975813761,6.125262167906021,4.57849140233716,3.516390385432678,3.5837669588781886,5.363028326159162,9.467862402405931,15.86357187049072,14.251362828065545,1.6239362575898057e-06,-2.086357405788736e-15,-1.1243636237981932e-24,8.157601026180649e-33,-1.338010921722655e-41,0.0
